date_key,date,year,quarter,month,month_name,week_of_year,day_of_week,day_name,is_weekend,is_public_holiday,holiday_name,is_store_open,is_order_day,is_delivery_day,order_cycle
20250101,2025-01-01,2025,1,1,January,1,3,Wednesday,0,0,,1,1,0,WedŌåÆFri
20250102,2025-01-02,2025,1,1,January,1,4,Thursday,0,0,,1,0,0,
20250103,2025-01-03,2025,1,1,January,1,5,Friday,0,0,,1,1,1,FriŌåÆTue
20250104,2025-01-04,2025,1,1,January,1,6,Saturday,1,0,,1,0,0,
20250105,2025-01-05,2025,1,1,January,1,7,Sunday,1,0,,0,0,0,
20250106,2025-01-06,2025,1,1,January,2,1,Monday,0,0,,1,0,0,
20250107,2025-01-07,2025,1,1,January,2,2,Tuesday,0,0,,1,0,1,
20250108,2025-01-08,2025,1,1,January,2,3,Wednesday,0,0,,1,1,0,WedŌåÆFri
20250109,2025-01-09,2025,1,1,January,2,4,Thursday,0,0,,1,0,0,
20250110,2025-01-10,2025,1,1,January,2,5,Friday,0,0,,1,1,1,FriŌåÆTue
20250111,2025-01-11,2025,1,1,January,2,6,Saturday,1,0,,1,0,0,
20250112,2025-01-12,2025,1,1,January,2,7,Sunday,1,0,,0,0,0,
20250113,2025-01-13,2025,1,1,January,3,1,Monday,0,0,,1,0,0,
20250114,2025-01-14,2025,1,1,January,3,2,Tuesday,0,0,,1,0,1,
20250115,2025-01-15,2025,1,1,January,3,3,Wednesday,0,0,,1,1,0,WedŌåÆFri
20250116,2025-01-16,2025,1,1,January,3,4,Thursday,0,0,,1,0,0,
20250117,2025-01-17,2025,1,1,January,3,5,Friday,0,0,,1,1,1,FriŌåÆTue
20250118,2025-01-18,2025,1,1,January,3,6,Saturday,1,0,,1,0,0,
20250119,2025-01-19,2025,1,1,January,3,7,Sunday,1,0,,0,0,0,
20250120,2025-01-20,2025,1,1,January,4,1,Monday,0,0,,1,0,0,
20250121,2025-01-21,2025,1,1,January,4,2,Tuesday,0,0,,1,0,1,
20250122,2025-01-22,2025,1,1,January,4,3,Wednesday,0,0,,1,1,0,WedŌåÆFri
20250123,2025-01-23,2025,1,1,January,4,4,Thursday,0,0,,1,0,0,
20250124,2025-01-24,2025,1,1,January,4,5,Friday,0,0,,1,1,1,FriŌåÆTue
20250125,2025-01-25,2025,1,1,January,4,6,Saturday,1,0,,1,0,0,
20250126,2025-01-26,2025,1,1,January,4,7,Sunday,1,0,,0,0,0,
20250127,2025-01-27,2025,1,1,January,5,1,Monday,0,1,Australia Day (observed),0,0,0,
20250128,2025-01-28,2025,1,1,January,5,2,Tuesday,0,0,,1,0,1,
20250129,2025-01-29,2025,1,1,January,5,3,Wednesday,0,0,,1,1,0,WedŌåÆFri
20250130,2025-01-30,2025,1,1,January,5,4,Thursday,0,0,,1,0,0,
20250131,2025-01-31,2025,1,1,January,5,5,Friday,0,0,,1,1,1,FriŌåÆTue
20250201,2025-02-01,2025,1,2,February,5,6,Saturday,1,0,,1,0,0,
20250202,2025-02-02,2025,1,2,February,5,7,Sunday,1,0,,0,0,0,
20250203,2025-02-03,2025,1,2,February,6,1,Monday,0,0,,1,0,0,
20250204,2025-02-04,2025,1,2,February,6,2,Tuesday,0,0,,1,0,1,
20250205,2025-02-05,2025,1,2,February,6,3,Wednesday,0,0,,1,1,0,WedŌåÆFri
20250206,2025-02-06,2025,1,2,February,6,4,Thursday,0,0,,1,0,0,
20250207,2025-02-07,2025,1,2,February,6,5,Friday,0,0,,1,1,1,FriŌåÆTue
20250208,2025-02-08,2025,1,2,February,6,6,Saturday,1,0,,1,0,0,
20250209,2025-02-09,2025,1,2,February,6,7,Sunday,1,0,,0,0,0,
20250210,2025-02-10,2025,1,2,February,7,1,Monday,0,0,,1,0,0,
20250211,2025-02-11,2025,1,2,February,7,2,Tuesday,0,0,,1,0,1,
20250212,2025-02-12,2025,1,2,February,7,3,Wednesday,0,0,,1,1,0,WedŌåÆFri
20250213,2025-02-13,2025,1,2,February,7,4,Thursday,0,0,,1,0,0,
20250214,2025-02-14,2025,1,2,February,7,5,Friday,0,0,,1,1,1,FriŌåÆTue
20250215,2025-02-15,2025,1,2,February,7,6,Saturday,1,0,,1,0,0,
20250216,2025-02-16,2025,1,2,February,7,7,Sunday,1,0,,0,0,0,
20250217,2025-02-17,2025,1,2,February,8,1,Monday,0,0,,1,0,0,
20250218,2025-02-18,2025,1,2,February,8,2,Tuesday,0,0,,1,0,1,
20250219,2025-02-19,2025,1,2,February,8,3,Wednesday,0,0,,1,1,0,WedŌåÆFri
20250220,2025-02-20,2025,1,2,February,8,4,Thursday,0,0,,1,0,0,
20250221,2025-02-21,2025,1,2,February,8,5,Friday,0,0,,1,1,1,FriŌåÆTue
20250222,2025-02-22,2025,1,2,February,8,6,Saturday,1,0,,1,0,0,
20250223,2025-02-23,2025,1,2,February,8,7,Sunday,1,0,,0,0,0,
20250224,2025-02-24,2025,1,2,February,9,1,Monday,0,0,,1,0,0,
20250225,2025-02-25,2025,1,2,February,9,2,Tuesday,0,0,,1,0,1,
20250226,2025-02-26,2025,1,2,February,9,3,Wednesday,0,0,,1,1,0,WedŌåÆFri
20250227,2025-02-27,2025,1,2,February,9,4,Thursday,0,0,,1,0,0,
20250228,2025-02-28,2025,1,2,February,9,5,Friday,0,0,,1,1,1,FriŌåÆTue
20250301,2025-03-01,2025,1,3,March,9,6,Saturday,1,0,,1,0,0,
20250302,2025-03-02,2025,1,3,March,9,7,Sunday,1,0,,0,0,0,
20250303,2025-03-03,2025,1,3,March,10,1,Monday,0,0,,1,0,0,
20250304,2025-03-04,2025,1,3,March,10,2,Tuesday,0,0,,1,0,1,
20250305,2025-03-05,2025,1,3,March,10,3,Wednesday,0,0,,1,1,0,WedŌåÆFri
20250306,2025-03-06,2025,1,3,March,10,4,Thursday,0,0,,1,0,0,
20250307,2025-03-07,2025,1,3,March,10,5,Friday,0,0,,1,1,1,FriŌåÆTue
20250308,2025-03-08,2025,1,3,March,10,6,Saturday,1,0,,1,0,0,
20250309,2025-03-09,2025,1,3,March,10,7,Sunday,1,0,,0,0,0,
20250310,2025-03-10,2025,1,3,March,11,1,Monday,0,1,Adelaide Cup,0,0,0,
20250311,2025-03-11,2025,1,3,March,11,2,Tuesday,0,0,,1,0,1,
20250312,2025-03-12,2025,1,3,March,11,3,Wednesday,0,0,,1,1,0,WedŌåÆFri
20250313,2025-03-13,2025,1,3,March,11,4,Thursday,0,0,,1,0,0,
20250314,2025-03-14,2025,1,3,March,11,5,Friday,0,0,,1,1,1,FriŌåÆTue
20250315,2025-03-15,2025,1,3,March,11,6,Saturday,1,0,,1,0,0,
20250316,2025-03-16,2025,1,3,March,11,7,Sunday,1,0,,0,0,0,
20250317,2025-03-17,2025,1,3,March,12,1,Monday,0,0,,1,0,0,
20250318,2025-03-18,2025,1,3,March,12,2,Tuesday,0,0,,1,0,1,
20250319,2025-03-19,2025,1,3,March,12,3,Wednesday,0,0,,1,1,0,WedŌåÆFri
20250320,2025-03-20,2025,1,3,March,12,4,Thursday,0,0,,1,0,0,
20250321,2025-03-21,2025,1,3,March,12,5,Friday,0,0,,1,1,1,FriŌåÆTue
20250322,2025-03-22,2025,1,3,March,12,6,Saturday,1,0,,1,0,0,
20250323,2025-03-23,2025,1,3,March,12,7,Sunday,1,0,,0,0,0,
20250324,2025-03-24,2025,1,3,March,13,1,Monday,0,0,,1,0,0,
20250325,2025-03-25,2025,1,3,March,13,2,Tuesday,0,0,,1,0,1,
20250326,2025-03-26,2025,1,3,March,13,3,Wednesday,0,0,,1,1,0,WedŌåÆFri
20250327,2025-03-27,2025,1,3,March,13,4,Thursday,0,0,,1,0,0,
20250328,2025-03-28,2025,1,3,March,13,5,Friday,0,0,,1,1,1,FriŌåÆTue
20250329,2025-03-29,2025,1,3,March,13,6,Saturday,1,0,,1,0,0,
20250330,2025-03-30,2025,1,3,March,13,7,Sunday,1,0,,0,0,0,
20250331,2025-03-31,2025,1,3,March,14,1,Monday,0,0,,1,0,0,
20250401,2025-04-01,2025,2,4,April,14,2,Tuesday,0,0,,1,0,1,
20250402,2025-04-02,2025,2,4,April,14,3,Wednesday,0,0,,1,1,0,WedŌåÆFri
20250403,2025-04-03,2025,2,4,April,14,4,Thursday,0,0,,1,0,0,
20250404,2025-04-04,2025,2,4,April,14,5,Friday,0,0,,1,1,1,FriŌåÆTue
20250405,2025-04-05,2025,2,4,April,14,6,Saturday,1,0,,1,0,0,
20250406,2025-04-06,2025,2,4,April,14,7,Sunday,1,0,,0,0,0,
20250407,2025-04-07,2025,2,4,April,15,1,Monday,0,0,,1,0,0,
20250408,2025-04-08,2025,2,4,April,15,2,Tuesday,0,0,,1,0,1,
20250409,2025-04-09,2025,2,4,April,15,3,Wednesday,0,0,,1,1,0,WedŌåÆFri
20250410,2025-04-10,2025,2,4,April,15,4,Thursday,0,0,,1,0,0,
20250411,2025-04-11,2025,2,4,April,15,5,Friday,0,0,,1,1,1,FriŌåÆTue
20250412,2025-04-12,2025,2,4,April,15,6,Saturday,1,0,,1,0,0,
20250413,2025-04-13,2025,2,4,April,15,7,Sunday,1,0,,0,0,0,
20250414,2025-04-14,2025,2,4,April,16,1,Monday,0,0,,1,0,0,
20250415,2025-04-15,2025,2,4,April,16,2,Tuesday,0,0,,1,0,1,
20250416,2025-04-16,2025,2,4,April,16,3,Wednesday,0,0,,1,1,0,WedŌåÆFri
20250417,2025-04-17,2025,2,4,April,16,4,Thursday,0,0,,1,0,0,
20250418,2025-04-18,2025,2,4,April,16,5,Friday,0,1,Good Friday,0,1,1,FriŌåÆTue
20250419,2025-04-19,2025,2,4,April,16,6,Saturday,1,0,,1,0,0,
20250420,2025-04-20,2025,2,4,April,16,7,Sunday,1,0,,0,0,0,
20250421,2025-04-21,2025,2,4,April,17,1,Monday,0,1,Easter Monday,0,0,0,
20250422,2025-04-22,2025,2,4,April,17,2,Tuesday,0,0,,1,0,1,
20250423,2025-04-23,2025,2,4,April,17,3,Wednesday,0,0,,1,1,0,WedŌåÆFri
20250424,2025-04-24,2025,2,4,April,17,4,Thursday,0,0,,1,0,0,
20250425,2025-04-25,2025,2,4,April,17,5,Friday,0,1,ANZAC Day,0,1,1,FriŌåÆTue
20250426,2025-04-26,2025,2,4,April,17,6,Saturday,1,0,,1,0,0,
20250427,2025-04-27,2025,2,4,April,17,7,Sunday,1,0,,0,0,0,
20250428,2025-04-28,2025,2,4,April,18,1,Monday,0,0,,1,0,0,
20250429,2025-04-29,2025,2,4,April,18,2,Tuesday,0,0,,1,0,1,
20250430,2025-04-30,2025,2,4,April,18,3,Wednesday,0,0,,1,1,0,WedŌåÆFri
20250501,2025-05-01,2025,2,5,May,18,4,Thursday,0,0,,1,0,0,
20250502,2025-05-02,2025,2,5,May,18,5,Friday,0,0,,1,1,1,FriŌåÆTue
20250503,2025-05-03,2025,2,5,May,18,6,Saturday,1,0,,1,0,0,
20250504,2025-05-04,2025,2,5,May,18,7,Sunday,1,0,,0,0,0,
20250505,2025-05-05,2025,2,5,May,19,1,Monday,0,0,,1,0,0,
20250506,2025-05-06,2025,2,5,May,19,2,Tuesday,0,0,,1,0,1,
20250507,2025-05-07,2025,2,5,May,19,3,Wednesday,0,0,,1,1,0,WedŌåÆFri
20250508,2025-05-08,2025,2,5,May,19,4,Thursday,0,0,,1,0,0,
20250509,2025-05-09,2025,2,5,May,19,5,Friday,0,0,,1,1,1,FriŌåÆTue
20250510,2025-05-10,2025,2,5,May,19,6,Saturday,1,0,,1,0,0,
20250511,2025-05-11,2025,2,5,May,19,7,Sunday,1,0,,0,0,0,
20250512,2025-05-12,2025,2,5,May,20,1,Monday,0,0,,1,0,0,
20250513,2025-05-13,2025,2,5,May,20,2,Tuesday,0,0,,1,0,1,
20250514,2025-05-14,2025,2,5,May,20,3,Wednesday,0,0,,1,1,0,WedŌåÆFri
20250515,2025-05-15,2025,2,5,May,20,4,Thursday,0,0,,1,0,0,
20250516,2025-05-16,2025,2,5,May,20,5,Friday,0,0,,1,1,1,FriŌåÆTue
20250517,2025-05-17,2025,2,5,May,20,6,Saturday,1,0,,1,0,0,
20250518,2025-05-18,2025,2,5,May,20,7,Sunday,1,0,,0,0,0,
20250519,2025-05-19,2025,2,5,May,21,1,Monday,0,0,,1,0,0,
20250520,2025-05-20,2025,2,5,May,21,2,Tuesday,0,0,,1,0,1,
20250521,2025-05-21,2025,2,5,May,21,3,Wednesday,0,0,,1,1,0,WedŌåÆFri
20250522,2025-05-22,2025,2,5,May,21,4,Thursday,0,0,,1,0,0,
20250523,2025-05-23,2025,2,5,May,21,5,Friday,0,0,,1,1,1,FriŌåÆTue
20250524,2025-05-24,2025,2,5,May,21,6,Saturday,1,0,,1,0,0,
20250525,2025-05-25,2025,2,5,May,21,7,Sunday,1,0,,0,0,0,
20250526,2025-05-26,2025,2,5,May,22,1,Monday,0,0,,1,0,0,
20250527,2025-05-27,2025,2,5,May,22,2,Tuesday,0,0,,1,0,1,
20250528,2025-05-28,2025,2,5,May,22,3,Wednesday,0,0,,1,1,0,WedŌåÆFri
20250529,2025-05-29,2025,2,5,May,22,4,Thursday,0,0,,1,0,0,
20250530,2025-05-30,2025,2,5,May,22,5,Friday,0,0,,1,1,1,FriŌåÆTue
20250531,2025-05-31,2025,2,5,May,22,6,Saturday,1,0,,1,0,0,
20250601,2025-06-01,2025,2,6,June,22,7,Sunday,1,0,,0,0,0,
20250602,2025-06-02,2025,2,6,June,23,1,Monday,0,0,,1,0,0,
20250603,2025-06-03,2025,2,6,June,23,2,Tuesday,0,0,,1,0,1,
20250604,2025-06-04,2025,2,6,June,23,3,Wednesday,0,0,,1,1,0,WedŌåÆFri
20250605,2025-06-05,2025,2,6,June,23,4,Thursday,0,0,,1,0,0,
20250606,2025-06-06,2025,2,6,June,23,5,Friday,0,0,,1,1,1,FriŌåÆTue
20250607,2025-06-07,2025,2,6,June,23,6,Saturday,1,0,,1,0,0,
20250608,2025-06-08,2025,2,6,June,23,7,Sunday,1,0,,0,0,0,
20250609,2025-06-09,2025,2,6,June,24,1,Monday,0,1,King's Birthday (SA),0,0,0,
20250610,2025-06-10,2025,2,6,June,24,2,Tuesday,0,0,,1,0,1,
20250611,2025-06-11,2025,2,6,June,24,3,Wednesday,0,0,,1,1,0,WedŌåÆFri
20250612,2025-06-12,2025,2,6,June,24,4,Thursday,0,0,,1,0,0,
20250613,2025-06-13,2025,2,6,June,24,5,Friday,0,0,,1,1,1,FriŌåÆTue
20250614,2025-06-14,2025,2,6,June,24,6,Saturday,1,0,,1,0,0,
20250615,2025-06-15,2025,2,6,June,24,7,Sunday,1,0,,0,0,0,
20250616,2025-06-16,2025,2,6,June,25,1,Monday,0,0,,1,0,0,
20250617,2025-06-17,2025,2,6,June,25,2,Tuesday,0,0,,1,0,1,
20250618,2025-06-18,2025,2,6,June,25,3,Wednesday,0,0,,1,1,0,WedŌåÆFri
20250619,2025-06-19,2025,2,6,June,25,4,Thursday,0,0,,1,0,0,
20250620,2025-06-20,2025,2,6,June,25,5,Friday,0,0,,1,1,1,FriŌåÆTue
20250621,2025-06-21,2025,2,6,June,25,6,Saturday,1,0,,1,0,0,
20250622,2025-06-22,2025,2,6,June,25,7,Sunday,1,0,,0,0,0,
20250623,2025-06-23,2025,2,6,June,26,1,Monday,0,0,,1,0,0,
20250624,2025-06-24,2025,2,6,June,26,2,Tuesday,0,0,,1,0,1,
20250625,2025-06-25,2025,2,6,June,26,3,Wednesday,0,0,,1,1,0,WedŌåÆFri
20250626,2025-06-26,2025,2,6,June,26,4,Thursday,0,0,,1,0,0,
20250627,2025-06-27,2025,2,6,June,26,5,Friday,0,0,,1,1,1,FriŌåÆTue
20250628,2025-06-28,2025,2,6,June,26,6,Saturday,1,0,,1,0,0,
20250629,2025-06-29,2025,2,6,June,26,7,Sunday,1,0,,0,0,0,
20250630,2025-06-30,2025,2,6,June,27,1,Monday,0,0,,1,0,0,
20250701,2025-07-01,2025,3,7,July,27,2,Tuesday,0,0,,1,0,1,
20250702,2025-07-02,2025,3,7,July,27,3,Wednesday,0,0,,1,1,0,WedŌåÆFri
20250703,2025-07-03,2025,3,7,July,27,4,Thursday,0,0,,1,0,0,
20250704,2025-07-04,2025,3,7,July,27,5,Friday,0,0,,1,1,1,FriŌåÆTue
20250705,2025-07-05,2025,3,7,July,27,6,Saturday,1,0,,1,0,0,
20250706,2025-07-06,2025,3,7,July,27,7,Sunday,1,0,,0,0,0,
20250707,2025-07-07,2025,3,7,July,28,1,Monday,0,0,,1,0,0,
20250708,2025-07-08,2025,3,7,July,28,2,Tuesday,0,0,,1,0,1,
20250709,2025-07-09,2025,3,7,July,28,3,Wednesday,0,0,,1,1,0,WedŌåÆFri
20250710,2025-07-10,2025,3,7,July,28,4,Thursday,0,0,,1,0,0,
20250711,2025-07-11,2025,3,7,July,28,5,Friday,0,0,,1,1,1,FriŌåÆTue
20250712,2025-07-12,2025,3,7,July,28,6,Saturday,1,0,,1,0,0,
20250713,2025-07-13,2025,3,7,July,28,7,Sunday,1,0,,0,0,0,
20250714,2025-07-14,2025,3,7,July,29,1,Monday,0,0,,1,0,0,
20250715,2025-07-15,2025,3,7,July,29,2,Tuesday,0,0,,1,0,1,
20250716,2025-07-16,2025,3,7,July,29,3,Wednesday,0,0,,1,1,0,WedŌåÆFri
20250717,2025-07-17,2025,3,7,July,29,4,Thursday,0,0,,1,0,0,
20250718,2025-07-18,2025,3,7,July,29,5,Friday,0,0,,1,1,1,FriŌåÆTue
20250719,2025-07-19,2025,3,7,July,29,6,Saturday,1,0,,1,0,0,
20250720,2025-07-20,2025,3,7,July,29,7,Sunday,1,0,,0,0,0,
20250721,2025-07-21,2025,3,7,July,30,1,Monday,0,0,,1,0,0,
20250722,2025-07-22,2025,3,7,July,30,2,Tuesday,0,0,,1,0,1,
20250723,2025-07-23,2025,3,7,July,30,3,Wednesday,0,0,,1,1,0,WedŌåÆFri
20250724,2025-07-24,2025,3,7,July,30,4,Thursday,0,0,,1,0,0,
20250725,2025-07-25,2025,3,7,July,30,5,Friday,0,0,,1,1,1,FriŌåÆTue
20250726,2025-07-26,2025,3,7,July,30,6,Saturday,1,0,,1,0,0,
20250727,2025-07-27,2025,3,7,July,30,7,Sunday,1,0,,0,0,0,
20250728,2025-07-28,2025,3,7,July,31,1,Monday,0,0,,1,0,0,
20250729,2025-07-29,2025,3,7,July,31,2,Tuesday,0,0,,1,0,1,
20250730,2025-07-30,2025,3,7,July,31,3,Wednesday,0,0,,1,1,0,WedŌåÆFri
20250731,2025-07-31,2025,3,7,July,31,4,Thursday,0,0,,1,0,0,
20250801,2025-08-01,2025,3,8,August,31,5,Friday,0,0,,1,1,1,FriŌåÆTue
20250802,2025-08-02,2025,3,8,August,31,6,Saturday,1,0,,1,0,0,
20250803,2025-08-03,2025,3,8,August,31,7,Sunday,1,0,,0,0,0,
20250804,2025-08-04,2025,3,8,August,32,1,Monday,0,0,,1,0,0,
20250805,2025-08-05,2025,3,8,August,32,2,Tuesday,0,0,,1,0,1,
20250806,2025-08-06,2025,3,8,August,32,3,Wednesday,0,0,,1,1,0,WedŌåÆFri
20250807,2025-08-07,2025,3,8,August,32,4,Thursday,0,0,,1,0,0,
20250808,2025-08-08,2025,3,8,August,32,5,Friday,0,0,,1,1,1,FriŌåÆTue
20250809,2025-08-09,2025,3,8,August,32,6,Saturday,1,0,,1,0,0,
20250810,2025-08-10,2025,3,8,August,32,7,Sunday,1,0,,0,0,0,
20250811,2025-08-11,2025,3,8,August,33,1,Monday,0,0,,1,0,0,
20250812,2025-08-12,2025,3,8,August,33,2,Tuesday,0,0,,1,0,1,
20250813,2025-08-13,2025,3,8,August,33,3,Wednesday,0,0,,1,1,0,WedŌåÆFri
20250814,2025-08-14,2025,3,8,August,33,4,Thursday,0,0,,1,0,0,
20250815,2025-08-15,2025,3,8,August,33,5,Friday,0,0,,1,1,1,FriŌåÆTue
20250816,2025-08-16,2025,3,8,August,33,6,Saturday,1,0,,1,0,0,
20250817,2025-08-17,2025,3,8,August,33,7,Sunday,1,0,,0,0,0,
20250818,2025-08-18,2025,3,8,August,34,1,Monday,0,0,,1,0,0,
20250819,2025-08-19,2025,3,8,August,34,2,Tuesday,0,0,,1,0,1,
20250820,2025-08-20,2025,3,8,August,34,3,Wednesday,0,0,,1,1,0,WedŌåÆFri
20250821,2025-08-21,2025,3,8,August,34,4,Thursday,0,0,,1,0,0,
20250822,2025-08-22,2025,3,8,August,34,5,Friday,0,0,,1,1,1,FriŌåÆTue
20250823,2025-08-23,2025,3,8,August,34,6,Saturday,1,0,,1,0,0,
20250824,2025-08-24,2025,3,8,August,34,7,Sunday,1,0,,0,0,0,
20250825,2025-08-25,2025,3,8,August,35,1,Monday,0,0,,1,0,0,
20250826,2025-08-26,2025,3,8,August,35,2,Tuesday,0,0,,1,0,1,
20250827,2025-08-27,2025,3,8,August,35,3,Wednesday,0,0,,1,1,0,WedŌåÆFri
20250828,2025-08-28,2025,3,8,August,35,4,Thursday,0,0,,1,0,0,
20250829,2025-08-29,2025,3,8,August,35,5,Friday,0,0,,1,1,1,FriŌåÆTue
20250830,2025-08-30,2025,3,8,August,35,6,Saturday,1,0,,1,0,0,
20250831,2025-08-31,2025,3,8,August,35,7,Sunday,1,0,,0,0,0,
20250901,2025-09-01,2025,3,9,September,36,1,Monday,0,0,,1,0,0,
20250902,2025-09-02,2025,3,9,September,36,2,Tuesday,0,0,,1,0,1,
20250903,2025-09-03,2025,3,9,September,36,3,Wednesday,0,0,,1,1,0,WedŌåÆFri
20250904,2025-09-04,2025,3,9,September,36,4,Thursday,0,0,,1,0,0,
20250905,2025-09-05,2025,3,9,September,36,5,Friday,0,0,,1,1,1,FriŌåÆTue
20250906,2025-09-06,2025,3,9,September,36,6,Saturday,1,0,,1,0,0,
20250907,2025-09-07,2025,3,9,September,36,7,Sunday,1,0,,0,0,0,
20250908,2025-09-08,2025,3,9,September,37,1,Monday,0,0,,1,0,0,
20250909,2025-09-09,2025,3,9,September,37,2,Tuesday,0,0,,1,0,1,
20250910,2025-09-10,2025,3,9,September,37,3,Wednesday,0,0,,1,1,0,WedŌåÆFri
20250911,2025-09-11,2025,3,9,September,37,4,Thursday,0,0,,1,0,0,
20250912,2025-09-12,2025,3,9,September,37,5,Friday,0,0,,1,1,1,FriŌåÆTue
20250913,2025-09-13,2025,3,9,September,37,6,Saturday,1,0,,1,0,0,
20250914,2025-09-14,2025,3,9,September,37,7,Sunday,1,0,,0,0,0,
20250915,2025-09-15,2025,3,9,September,38,1,Monday,0,0,,1,0,0,
20250916,2025-09-16,2025,3,9,September,38,2,Tuesday,0,0,,1,0,1,
20250917,2025-09-17,2025,3,9,September,38,3,Wednesday,0,0,,1,1,0,WedŌåÆFri
20250918,2025-09-18,2025,3,9,September,38,4,Thursday,0,0,,1,0,0,
20250919,2025-09-19,2025,3,9,September,38,5,Friday,0,0,,1,1,1,FriŌåÆTue
20250920,2025-09-20,2025,3,9,September,38,6,Saturday,1,0,,1,0,0,
20250921,2025-09-21,2025,3,9,September,38,7,Sunday,1,0,,0,0,0,
20250922,2025-09-22,2025,3,9,September,39,1,Monday,0,0,,1,0,0,
20250923,2025-09-23,2025,3,9,September,39,2,Tuesday,0,0,,1,0,1,
20250924,2025-09-24,2025,3,9,September,39,3,Wednesday,0,0,,1,1,0,WedŌåÆFri
20250925,2025-09-25,2025,3,9,September,39,4,Thursday,0,0,,1,0,0,
20250926,2025-09-26,2025,3,9,September,39,5,Friday,0,0,,1,1,1,FriŌåÆTue
20250927,2025-09-27,2025,3,9,September,39,6,Saturday,1,0,,1,0,0,
20250928,2025-09-28,2025,3,9,September,39,7,Sunday,1,0,,0,0,0,
20250929,2025-09-29,2025,3,9,September,40,1,Monday,0,0,,1,0,0,
20250930,2025-09-30,2025,3,9,September,40,2,Tuesday,0,0,,1,0,1,
20251001,2025-10-01,2025,4,10,October,40,3,Wednesday,0,0,,1,1,0,WedŌåÆFri
20251002,2025-10-02,2025,4,10,October,40,4,Thursday,0,0,,1,0,0,
20251003,2025-10-03,2025,4,10,October,40,5,Friday,0,0,,1,1,1,FriŌåÆTue
20251004,2025-10-04,2025,4,10,October,40,6,Saturday,1,0,,1,0,0,
20251005,2025-10-05,2025,4,10,October,40,7,Sunday,1,0,,0,0,0,
20251006,2025-10-06,2025,4,10,October,41,1,Monday,0,0,,1,0,0,
20251007,2025-10-07,2025,4,10,October,41,2,Tuesday,0,0,,1,0,1,
20251008,2025-10-08,2025,4,10,October,41,3,Wednesday,0,0,,1,1,0,WedŌåÆFri
20251009,2025-10-09,2025,4,10,October,41,4,Thursday,0,0,,1,0,0,
20251010,2025-10-10,2025,4,10,October,41,5,Friday,0,0,,1,1,1,FriŌåÆTue
20251011,2025-10-11,2025,4,10,October,41,6,Saturday,1,0,,1,0,0,
20251012,2025-10-12,2025,4,10,October,41,7,Sunday,1,0,,0,0,0,
20251013,2025-10-13,2025,4,10,October,42,1,Monday,0,0,,1,0,0,
20251014,2025-10-14,2025,4,10,October,42,2,Tuesday,0,0,,1,0,1,
20251015,2025-10-15,2025,4,10,October,42,3,Wednesday,0,0,,1,1,0,WedŌåÆFri
20251016,2025-10-16,2025,4,10,October,42,4,Thursday,0,0,,1,0,0,
20251017,2025-10-17,2025,4,10,October,42,5,Friday,0,0,,1,1,1,FriŌåÆTue
20251018,2025-10-18,2025,4,10,October,42,6,Saturday,1,0,,1,0,0,
20251019,2025-10-19,2025,4,10,October,42,7,Sunday,1,0,,0,0,0,
20251020,2025-10-20,2025,4,10,October,43,1,Monday,0,0,,1,0,0,
20251021,2025-10-21,2025,4,10,October,43,2,Tuesday,0,0,,1,0,1,
20251022,2025-10-22,2025,4,10,October,43,3,Wednesday,0,0,,1,1,0,WedŌåÆFri
20251023,2025-10-23,2025,4,10,October,43,4,Thursday,0,0,,1,0,0,
20251024,2025-10-24,2025,4,10,October,43,5,Friday,0,0,,1,1,1,FriŌåÆTue
20251025,2025-10-25,2025,4,10,October,43,6,Saturday,1,0,,1,0,0,
20251026,2025-10-26,2025,4,10,October,43,7,Sunday,1,0,,0,0,0,
20251027,2025-10-27,2025,4,10,October,44,1,Monday,0,0,,1,0,0,
20251028,2025-10-28,2025,4,10,October,44,2,Tuesday,0,0,,1,0,1,
20251029,2025-10-29,2025,4,10,October,44,3,Wednesday,0,0,,1,1,0,WedŌåÆFri
20251030,2025-10-30,2025,4,10,October,44,4,Thursday,0,0,,1,0,0,
20251031,2025-10-31,2025,4,10,October,44,5,Friday,0,0,,1,1,1,FriŌåÆTue
20251101,2025-11-01,2025,4,11,November,44,6,Saturday,1,0,,1,0,0,
20251102,2025-11-02,2025,4,11,November,44,7,Sunday,1,0,,0,0,0,
20251103,2025-11-03,2025,4,11,November,45,1,Monday,0,0,,1,0,0,
20251104,2025-11-04,2025,4,11,November,45,2,Tuesday,0,0,,1,0,1,
20251105,2025-11-05,2025,4,11,November,45,3,Wednesday,0,0,,1,1,0,WedŌåÆFri
20251106,2025-11-06,2025,4,11,November,45,4,Thursday,0,0,,1,0,0,
20251107,2025-11-07,2025,4,11,November,45,5,Friday,0,0,,1,1,1,FriŌåÆTue
20251108,2025-11-08,2025,4,11,November,45,6,Saturday,1,0,,1,0,0,
20251109,2025-11-09,2025,4,11,November,45,7,Sunday,1,0,,0,0,0,
20251110,2025-11-10,2025,4,11,November,46,1,Monday,0,0,,1,0,0,
20251111,2025-11-11,2025,4,11,November,46,2,Tuesday,0,0,,1,0,1,
20251112,2025-11-12,2025,4,11,November,46,3,Wednesday,0,0,,1,1,0,WedŌåÆFri
20251113,2025-11-13,2025,4,11,November,46,4,Thursday,0,0,,1,0,0,
20251114,2025-11-14,2025,4,11,November,46,5,Friday,0,0,,1,1,1,FriŌåÆTue
20251115,2025-11-15,2025,4,11,November,46,6,Saturday,1,0,,1,0,0,
20251116,2025-11-16,2025,4,11,November,46,7,Sunday,1,0,,0,0,0,
20251117,2025-11-17,2025,4,11,November,47,1,Monday,0,0,,1,0,0,
20251118,2025-11-18,2025,4,11,November,47,2,Tuesday,0,0,,1,0,1,
20251119,2025-11-19,2025,4,11,November,47,3,Wednesday,0,0,,1,1,0,WedŌåÆFri
20251120,2025-11-20,2025,4,11,November,47,4,Thursday,0,0,,1,0,0,
20251121,2025-11-21,2025,4,11,November,47,5,Friday,0,0,,1,1,1,FriŌåÆTue
20251122,2025-11-22,2025,4,11,November,47,6,Saturday,1,0,,1,0,0,
20251123,2025-11-23,2025,4,11,November,47,7,Sunday,1,0,,0,0,0,
20251124,2025-11-24,2025,4,11,November,48,1,Monday,0,0,,1,0,0,
20251125,2025-11-25,2025,4,11,November,48,2,Tuesday,0,0,,1,0,1,
20251126,2025-11-26,2025,4,11,November,48,3,Wednesday,0,0,,1,1,0,WedŌåÆFri
20251127,2025-11-27,2025,4,11,November,48,4,Thursday,0,0,,1,0,0,
20251128,2025-11-28,2025,4,11,November,48,5,Friday,0,0,,1,1,1,FriŌåÆTue
20251129,2025-11-29,2025,4,11,November,48,6,Saturday,1,0,,1,0,0,
20251130,2025-11-30,2025,4,11,November,48,7,Sunday,1,0,,0,0,0,
20251201,2025-12-01,2025,4,12,December,49,1,Monday,0,0,,1,0,0,
20251202,2025-12-02,2025,4,12,December,49,2,Tuesday,0,0,,1,0,1,
20251203,2025-12-03,2025,4,12,December,49,3,Wednesday,0,0,,1,1,0,WedŌåÆFri
20251204,2025-12-04,2025,4,12,December,49,4,Thursday,0,0,,1,0,0,
20251205,2025-12-05,2025,4,12,December,49,5,Friday,0,0,,1,1,1,FriŌåÆTue
20251206,2025-12-06,2025,4,12,December,49,6,Saturday,1,0,,1,0,0,
20251207,2025-12-07,2025,4,12,December,49,7,Sunday,1,0,,0,0,0,
20251208,2025-12-08,2025,4,12,December,50,1,Monday,0,0,,1,0,0,
20251209,2025-12-09,2025,4,12,December,50,2,Tuesday,0,0,,1,0,1,
20251210,2025-12-10,2025,4,12,December,50,3,Wednesday,0,0,,1,1,0,WedŌåÆFri
20251211,2025-12-11,2025,4,12,December,50,4,Thursday,0,0,,1,0,0,
20251212,2025-12-12,2025,4,12,December,50,5,Friday,0,0,,1,1,1,FriŌåÆTue
20251213,2025-12-13,2025,4,12,December,50,6,Saturday,1,0,,1,0,0,
20251214,2025-12-14,2025,4,12,December,50,7,Sunday,1,0,,0,0,0,
20251215,2025-12-15,2025,4,12,December,51,1,Monday,0,0,,1,0,0,
20251216,2025-12-16,2025,4,12,December,51,2,Tuesday,0,0,,1,0,1,
20251217,2025-12-17,2025,4,12,December,51,3,Wednesday,0,0,,1,1,0,WedŌåÆFri
20251218,2025-12-18,2025,4,12,December,51,4,Thursday,0,0,,1,0,0,
20251219,2025-12-19,2025,4,12,December,51,5,Friday,0,0,,1,1,1,FriŌåÆTue
20251220,2025-12-20,2025,4,12,December,51,6,Saturday,1,0,,1,0,0,
20251221,2025-12-21,2025,4,12,December,51,7,Sunday,1,0,,0,0,0,
20251222,2025-12-22,2025,4,12,December,52,1,Monday,0,0,,1,0,0,
20251223,2025-12-23,2025,4,12,December,52,2,Tuesday,0,0,,1,0,1,
20251224,2025-12-24,2025,4,12,December,52,3,Wednesday,0,0,,1,1,0,WedŌåÆFri
20251225,2025-12-25,2025,4,12,December,52,4,Thursday,0,1,Christmas Day,0,0,0,
20251226,2025-12-26,2025,4,12,December,52,5,Friday,0,1,Proclamation Day,0,1,1,FriŌåÆTue
20251227,2025-12-27,2025,4,12,December,52,6,Saturday,1,0,,1,0,0,
20251228,2025-12-28,2025,4,12,December,52,7,Sunday,1,0,,0,0,0,
20251229,2025-12-29,2025,4,12,December,1,1,Monday,0,0,,1,0,0,
20251230,2025-12-30,2025,4,12,December,1,2,Tuesday,0,0,,1,0,1,
20251231,2025-12-31,2025,4,12,December,1,3,Wednesday,0,0,,1,1,0,WedŌåÆFri
20260101,2026-01-01,2026,1,1,January,1,4,Thursday,0,1,New Year's Day,0,0,0,
20260102,2026-01-02,2026,1,1,January,1,5,Friday,0,0,,1,1,1,FriŌåÆTue
20260103,2026-01-03,2026,1,1,January,1,6,Saturday,1,0,,1,0,0,
20260104,2026-01-04,2026,1,1,January,1,7,Sunday,1,0,,0,0,0,
20260105,2026-01-05,2026,1,1,January,2,1,Monday,0,0,,1,0,0,
20260106,2026-01-06,2026,1,1,January,2,2,Tuesday,0,0,,1,0,1,
20260107,2026-01-07,2026,1,1,January,2,3,Wednesday,0,0,,1,1,0,WedŌåÆFri
20260108,2026-01-08,2026,1,1,January,2,4,Thursday,0,0,,1,0,0,
20260109,2026-01-09,2026,1,1,January,2,5,Friday,0,0,,1,1,1,FriŌåÆTue
20260110,2026-01-10,2026,1,1,January,2,6,Saturday,1,0,,1,0,0,
20260111,2026-01-11,2026,1,1,January,2,7,Sunday,1,0,,0,0,0,
20260112,2026-01-12,2026,1,1,January,3,1,Monday,0,0,,1,0,0,
20260113,2026-01-13,2026,1,1,January,3,2,Tuesday,0,0,,1,0,1,
20260114,2026-01-14,2026,1,1,January,3,3,Wednesday,0,0,,1,1,0,WedŌåÆFri
20260115,2026-01-15,2026,1,1,January,3,4,Thursday,0,0,,1,0,0,
20260116,2026-01-16,2026,1,1,January,3,5,Friday,0,0,,1,1,1,FriŌåÆTue
20260117,2026-01-17,2026,1,1,January,3,6,Saturday,1,0,,1,0,0,
20260118,2026-01-18,2026,1,1,January,3,7,Sunday,1,0,,0,0,0,
20260119,2026-01-19,2026,1,1,January,4,1,Monday,0,0,,1,0,0,
20260120,2026-01-20,2026,1,1,January,4,2,Tuesday,0,0,,1,0,1,
20260121,2026-01-21,2026,1,1,January,4,3,Wednesday,0,0,,1,1,0,WedŌåÆFri
20260122,2026-01-22,2026,1,1,January,4,4,Thursday,0,0,,1,0,0,
20260123,2026-01-23,2026,1,1,January,4,5,Friday,0,0,,1,1,1,FriŌåÆTue
20260124,2026-01-24,2026,1,1,January,4,6,Saturday,1,0,,1,0,0,
20260125,2026-01-25,2026,1,1,January,4,7,Sunday,1,0,,0,0,0,
20260126,2026-01-26,2026,1,1,January,5,1,Monday,0,1,Australia Day,0,0,0,
20260127,2026-01-27,2026,1,1,January,5,2,Tuesday,0,0,,1,0,1,
20260128,2026-01-28,2026,1,1,January,5,3,Wednesday,0,0,,1,1,0,WedŌåÆFri
20260129,2026-01-29,2026,1,1,January,5,4,Thursday,0,0,,1,0,0,
20260130,2026-01-30,2026,1,1,January,5,5,Friday,0,0,,1,1,1,FriŌåÆTue
20260131,2026-01-31,2026,1,1,January,5,6,Saturday,1,0,,1,0,0,
20260201,2026-02-01,2026,1,2,February,5,7,Sunday,1,0,,0,0,0,
20260202,2026-02-02,2026,1,2,February,6,1,Monday,0,0,,1,0,0,
20260203,2026-02-03,2026,1,2,February,6,2,Tuesday,0,0,,1,0,1,
20260204,2026-02-04,2026,1,2,February,6,3,Wednesday,0,0,,1,1,0,WedŌåÆFri
20260205,2026-02-05,2026,1,2,February,6,4,Thursday,0,0,,1,0,0,
20260206,2026-02-06,2026,1,2,February,6,5,Friday,0,0,,1,1,1,FriŌåÆTue
20260207,2026-02-07,2026,1,2,February,6,6,Saturday,1,0,,1,0,0,
20260208,2026-02-08,2026,1,2,February,6,7,Sunday,1,0,,0,0,0,
20260209,2026-02-09,2026,1,2,February,7,1,Monday,0,0,,1,0,0,
20260210,2026-02-10,2026,1,2,February,7,2,Tuesday,0,0,,1,0,1,
20260211,2026-02-11,2026,1,2,February,7,3,Wednesday,0,0,,1,1,0,WedŌåÆFri
20260212,2026-02-12,2026,1,2,February,7,4,Thursday,0,0,,1,0,0,
20260213,2026-02-13,2026,1,2,February,7,5,Friday,0,0,,1,1,1,FriŌåÆTue
20260214,2026-02-14,2026,1,2,February,7,6,Saturday,1,0,,1,0,0,
20260215,2026-02-15,2026,1,2,February,7,7,Sunday,1,0,,0,0,0,
20260216,2026-02-16,2026,1,2,February,8,1,Monday,0,0,,1,0,0,
20260217,2026-02-17,2026,1,2,February,8,2,Tuesday,0,0,,1,0,1,
20260218,2026-02-18,2026,1,2,February,8,3,Wednesday,0,0,,1,1,0,WedŌåÆFri
20260219,2026-02-19,2026,1,2,February,8,4,Thursday,0,0,,1,0,0,
20260220,2026-02-20,2026,1,2,February,8,5,Friday,0,0,,1,1,1,FriŌåÆTue
20260221,2026-02-21,2026,1,2,February,8,6,Saturday,1,0,,1,0,0,
20260222,2026-02-22,2026,1,2,February,8,7,Sunday,1,0,,0,0,0,
20260223,2026-02-23,2026,1,2,February,9,1,Monday,0,0,,1,0,0,
20260224,2026-02-24,2026,1,2,February,9,2,Tuesday,0,0,,1,0,1,
20260225,2026-02-25,2026,1,2,February,9,3,Wednesday,0,0,,1,1,0,WedŌåÆFri
20260226,2026-02-26,2026,1,2,February,9,4,Thursday,0,0,,1,0,0,
20260227,2026-02-27,2026,1,2,February,9,5,Friday,0,0,,1,1,1,FriŌåÆTue
20260228,2026-02-28,2026,1,2,February,9,6,Saturday,1,0,,1,0,0,
20260301,2026-03-01,2026,1,3,March,9,7,Sunday,1,0,,0,0,0,
20260302,2026-03-02,2026,1,3,March,10,1,Monday,0,0,,1,0,0,
20260303,2026-03-03,2026,1,3,March,10,2,Tuesday,0,0,,1,0,1,
20260304,2026-03-04,2026,1,3,March,10,3,Wednesday,0,0,,1,1,0,WedŌåÆFri
20260305,2026-03-05,2026,1,3,March,10,4,Thursday,0,0,,1,0,0,
20260306,2026-03-06,2026,1,3,March,10,5,Friday,0,0,,1,1,1,FriŌåÆTue
20260307,2026-03-07,2026,1,3,March,10,6,Saturday,1,0,,1,0,0,
20260308,2026-03-08,2026,1,3,March,10,7,Sunday,1,0,,0,0,0,
20260309,2026-03-09,2026,1,3,March,11,1,Monday,0,1,Adelaide Cup,0,0,0,
20260310,2026-03-10,2026,1,3,March,11,2,Tuesday,0,0,,1,0,1,
20260311,2026-03-11,2026,1,3,March,11,3,Wednesday,0,0,,1,1,0,WedŌåÆFri
20260312,2026-03-12,2026,1,3,March,11,4,Thursday,0,0,,1,0,0,
20260313,2026-03-13,2026,1,3,March,11,5,Friday,0,0,,1,1,1,FriŌåÆTue
20260314,2026-03-14,2026,1,3,March,11,6,Saturday,1,0,,1,0,0,
20260315,2026-03-15,2026,1,3,March,11,7,Sunday,1,0,,0,0,0,
20260316,2026-03-16,2026,1,3,March,12,1,Monday,0,0,,1,0,0,
20260317,2026-03-17,2026,1,3,March,12,2,Tuesday,0,0,,1,0,1,
20260318,2026-03-18,2026,1,3,March,12,3,Wednesday,0,0,,1,1,0,WedŌåÆFri
20260319,2026-03-19,2026,1,3,March,12,4,Thursday,0,0,,1,0,0,
20260320,2026-03-20,2026,1,3,March,12,5,Friday,0,0,,1,1,1,FriŌåÆTue
20260321,2026-03-21,2026,1,3,March,12,6,Saturday,1,0,,1,0,0,
20260322,2026-03-22,2026,1,3,March,12,7,Sunday,1,0,,0,0,0,
20260323,2026-03-23,2026,1,3,March,13,1,Monday,0,0,,1,0,0,
20260324,2026-03-24,2026,1,3,March,13,2,Tuesday,0,0,,1,0,1,
20260325,2026-03-25,2026,1,3,March,13,3,Wednesday,0,0,,1,1,0,WedŌåÆFri
20260326,2026-03-26,2026,1,3,March,13,4,Thursday,0,0,,1,0,0,
20260327,2026-03-27,2026,1,3,March,13,5,Friday,0,0,,1,1,1,FriŌåÆTue
20260328,2026-03-28,2026,1,3,March,13,6,Saturday,1,0,,1,0,0,
20260329,2026-03-29,2026,1,3,March,13,7,Sunday,1,0,,0,0,0,
20260330,2026-03-30,2026,1,3,March,14,1,Monday,0,0,,1,0,0,
20260331,2026-03-31,2026,1,3,March,14,2,Tuesday,0,0,,1,0,1,
20260401,2026-04-01,2026,2,4,April,14,3,Wednesday,0,0,,1,1,0,WedŌåÆFri
20260402,2026-04-02,2026,2,4,April,14,4,Thursday,0,0,,1,0,0,
20260403,2026-04-03,2026,2,4,April,14,5,Friday,0,1,Good Friday,0,1,1,FriŌåÆTue
20260404,2026-04-04,2026,2,4,April,14,6,Saturday,1,0,,1,0,0,
20260405,2026-04-05,2026,2,4,April,14,7,Sunday,1,0,,0,0,0,
20260406,2026-04-06,2026,2,4,April,15,1,Monday,0,1,Easter Monday,0,0,0,
20260407,2026-04-07,2026,2,4,April,15,2,Tuesday,0,0,,1,0,1,
20260408,2026-04-08,2026,2,4,April,15,3,Wednesday,0,0,,1,1,0,WedŌåÆFri
20260409,2026-04-09,2026,2,4,April,15,4,Thursday,0,0,,1,0,0,
20260410,2026-04-10,2026,2,4,April,15,5,Friday,0,0,,1,1,1,FriŌåÆTue
20260411,2026-04-11,2026,2,4,April,15,6,Saturday,1,0,,1,0,0,
20260412,2026-04-12,2026,2,4,April,15,7,Sunday,1,0,,0,0,0,
20260413,2026-04-13,2026,2,4,April,16,1,Monday,0,0,,1,0,0,
20260414,2026-04-14,2026,2,4,April,16,2,Tuesday,0,0,,1,0,1,
20260415,2026-04-15,2026,2,4,April,16,3,Wednesday,0,0,,1,1,0,WedŌåÆFri
20260416,2026-04-16,2026,2,4,April,16,4,Thursday,0,0,,1,0,0,
20260417,2026-04-17,2026,2,4,April,16,5,Friday,0,0,,1,1,1,FriŌåÆTue
20260418,2026-04-18,2026,2,4,April,16,6,Saturday,1,0,,1,0,0,
20260419,2026-04-19,2026,2,4,April,16,7,Sunday,1,0,,0,0,0,
20260420,2026-04-20,2026,2,4,April,17,1,Monday,0,0,,1,0,0,
20260421,2026-04-21,2026,2,4,April,17,2,Tuesday,0,0,,1,0,1,
20260422,2026-04-22,2026,2,4,April,17,3,Wednesday,0,0,,1,1,0,WedŌåÆFri
20260423,2026-04-23,2026,2,4,April,17,4,Thursday,0,0,,1,0,0,
20260424,2026-04-24,2026,2,4,April,17,5,Friday,0,0,,1,1,1,FriŌåÆTue
20260425,2026-04-25,2026,2,4,April,17,6,Saturday,1,1,ANZAC Day,0,0,0,
20260426,2026-04-26,2026,2,4,April,17,7,Sunday,1,0,,0,0,0,
20260427,2026-04-27,2026,2,4,April,18,1,Monday,0,0,,1,0,0,
20260428,2026-04-28,2026,2,4,April,18,2,Tuesday,0,0,,1,0,1,
20260429,2026-04-29,2026,2,4,April,18,3,Wednesday,0,0,,1,1,0,WedŌåÆFri
20260430,2026-04-30,2026,2,4,April,18,4,Thursday,0,0,,1,0,0,
20260501,2026-05-01,2026,2,5,May,18,5,Friday,0,0,,1,1,1,FriŌåÆTue
20260502,2026-05-02,2026,2,5,May,18,6,Saturday,1,0,,1,0,0,
20260503,2026-05-03,2026,2,5,May,18,7,Sunday,1,0,,0,0,0,
20260504,2026-05-04,2026,2,5,May,19,1,Monday,0,0,,1,0,0,
20260505,2026-05-05,2026,2,5,May,19,2,Tuesday,0,0,,1,0,1,
20260506,2026-05-06,2026,2,5,May,19,3,Wednesday,0,0,,1,1,0,WedŌåÆFri
20260507,2026-05-07,2026,2,5,May,19,4,Thursday,0,0,,1,0,0,
20260508,2026-05-08,2026,2,5,May,19,5,Friday,0,0,,1,1,1,FriŌåÆTue
20260509,2026-05-09,2026,2,5,May,19,6,Saturday,1,0,,1,0,0,
20260510,2026-05-10,2026,2,5,May,19,7,Sunday,1,0,,0,0,0,
20260511,2026-05-11,2026,2,5,May,20,1,Monday,0,0,,1,0,0,
20260512,2026-05-12,2026,2,5,May,20,2,Tuesday,0,0,,1,0,1,
20260513,2026-05-13,2026,2,5,May,20,3,Wednesday,0,0,,1,1,0,WedŌåÆFri
20260514,2026-05-14,2026,2,5,May,20,4,Thursday,0,0,,1,0,0,
20260515,2026-05-15,2026,2,5,May,20,5,Friday,0,0,,1,1,1,FriŌåÆTue
20260516,2026-05-16,2026,2,5,May,20,6,Saturday,1,0,,1,0,0,
20260517,2026-05-17,2026,2,5,May,20,7,Sunday,1,0,,0,0,0,
20260518,2026-05-18,2026,2,5,May,21,1,Monday,0,0,,1,0,0,
20260519,2026-05-19,2026,2,5,May,21,2,Tuesday,0,0,,1,0,1,
20260520,2026-05-20,2026,2,5,May,21,3,Wednesday,0,0,,1,1,0,WedŌåÆFri
20260521,2026-05-21,2026,2,5,May,21,4,Thursday,0,0,,1,0,0,
20260522,2026-05-22,2026,2,5,May,21,5,Friday,0,0,,1,1,1,FriŌåÆTue
20260523,2026-05-23,2026,2,5,May,21,6,Saturday,1,0,,1,0,0,
20260524,2026-05-24,2026,2,5,May,21,7,Sunday,1,0,,0,0,0,
20260525,2026-05-25,2026,2,5,May,22,1,Monday,0,0,,1,0,0,
20260526,2026-05-26,2026,2,5,May,22,2,Tuesday,0,0,,1,0,1,
20260527,2026-05-27,2026,2,5,May,22,3,Wednesday,0,0,,1,1,0,WedŌåÆFri
20260528,2026-05-28,2026,2,5,May,22,4,Thursday,0,0,,1,0,0,
20260529,2026-05-29,2026,2,5,May,22,5,Friday,0,0,,1,1,1,FriŌåÆTue
20260530,2026-05-30,2026,2,5,May,22,6,Saturday,1,0,,1,0,0,
20260531,2026-05-31,2026,2,5,May,22,7,Sunday,1,0,,0,0,0,
20260601,2026-06-01,2026,2,6,June,23,1,Monday,0,0,,1,0,0,
20260602,2026-06-02,2026,2,6,June,23,2,Tuesday,0,0,,1,0,1,
20260603,2026-06-03,2026,2,6,June,23,3,Wednesday,0,0,,1,1,0,WedŌåÆFri
20260604,2026-06-04,2026,2,6,June,23,4,Thursday,0,0,,1,0,0,
20260605,2026-06-05,2026,2,6,June,23,5,Friday,0,0,,1,1,1,FriŌåÆTue
20260606,2026-06-06,2026,2,6,June,23,6,Saturday,1,0,,1,0,0,
20260607,2026-06-07,2026,2,6,June,23,7,Sunday,1,0,,0,0,0,
20260608,2026-06-08,2026,2,6,June,24,1,Monday,0,1,King's Birthday (SA),0,0,0,
20260609,2026-06-09,2026,2,6,June,24,2,Tuesday,0,0,,1,0,1,
20260610,2026-06-10,2026,2,6,June,24,3,Wednesday,0,0,,1,1,0,WedŌåÆFri
20260611,2026-06-11,2026,2,6,June,24,4,Thursday,0,0,,1,0,0,
20260612,2026-06-12,2026,2,6,June,24,5,Friday,0,0,,1,1,1,FriŌåÆTue
20260613,2026-06-13,2026,2,6,June,24,6,Saturday,1,0,,1,0,0,
20260614,2026-06-14,2026,2,6,June,24,7,Sunday,1,0,,0,0,0,
20260615,2026-06-15,2026,2,6,June,25,1,Monday,0,0,,1,0,0,
20260616,2026-06-16,2026,2,6,June,25,2,Tuesday,0,0,,1,0,1,
20260617,2026-06-17,2026,2,6,June,25,3,Wednesday,0,0,,1,1,0,WedŌåÆFri
20260618,2026-06-18,2026,2,6,June,25,4,Thursday,0,0,,1,0,0,
20260619,2026-06-19,2026,2,6,June,25,5,Friday,0,0,,1,1,1,FriŌåÆTue
20260620,2026-06-20,2026,2,6,June,25,6,Saturday,1,0,,1,0,0,
20260621,2026-06-21,2026,2,6,June,25,7,Sunday,1,0,,0,0,0,
20260622,2026-06-22,2026,2,6,June,26,1,Monday,0,0,,1,0,0,
20260623,2026-06-23,2026,2,6,June,26,2,Tuesday,0,0,,1,0,1,
20260624,2026-06-24,2026,2,6,June,26,3,Wednesday,0,0,,1,1,0,WedŌåÆFri
20260625,2026-06-25,2026,2,6,June,26,4,Thursday,0,0,,1,0,0,
20260626,2026-06-26,2026,2,6,June,26,5,Friday,0,0,,1,1,1,FriŌåÆTue
20260627,2026-06-27,2026,2,6,June,26,6,Saturday,1,0,,1,0,0,
20260628,2026-06-28,2026,2,6,June,26,7,Sunday,1,0,,0,0,0,
20260629,2026-06-29,2026,2,6,June,27,1,Monday,0,0,,1,0,0,
20260630,2026-06-30,2026,2,6,June,27,2,Tuesday,0,0,,1,0,1,
20260701,2026-07-01,2026,3,7,July,27,3,Wednesday,0,0,,1,1,0,WedŌåÆFri
20260702,2026-07-02,2026,3,7,July,27,4,Thursday,0,0,,1,0,0,
20260703,2026-07-03,2026,3,7,July,27,5,Friday,0,0,,1,1,1,FriŌåÆTue
20260704,2026-07-04,2026,3,7,July,27,6,Saturday,1,0,,1,0,0,
20260705,2026-07-05,2026,3,7,July,27,7,Sunday,1,0,,0,0,0,
20260706,2026-07-06,2026,3,7,July,28,1,Monday,0,0,,1,0,0,
20260707,2026-07-07,2026,3,7,July,28,2,Tuesday,0,0,,1,0,1,
20260708,2026-07-08,2026,3,7,July,28,3,Wednesday,0,0,,1,1,0,WedŌåÆFri
20260709,2026-07-09,2026,3,7,July,28,4,Thursday,0,0,,1,0,0,
20260710,2026-07-10,2026,3,7,July,28,5,Friday,0,0,,1,1,1,FriŌåÆTue
20260711,2026-07-11,2026,3,7,July,28,6,Saturday,1,0,,1,0,0,
20260712,2026-07-12,2026,3,7,July,28,7,Sunday,1,0,,0,0,0,
20260713,2026-07-13,2026,3,7,July,29,1,Monday,0,0,,1,0,0,
20260714,2026-07-14,2026,3,7,July,29,2,Tuesday,0,0,,1,0,1,
20260715,2026-07-15,2026,3,7,July,29,3,Wednesday,0,0,,1,1,0,WedŌåÆFri
20260716,2026-07-16,2026,3,7,July,29,4,Thursday,0,0,,1,0,0,
20260717,2026-07-17,2026,3,7,July,29,5,Friday,0,0,,1,1,1,FriŌåÆTue
20260718,2026-07-18,2026,3,7,July,29,6,Saturday,1,0,,1,0,0,
20260719,2026-07-19,2026,3,7,July,29,7,Sunday,1,0,,0,0,0,
20260720,2026-07-20,2026,3,7,July,30,1,Monday,0,0,,1,0,0,
20260721,2026-07-21,2026,3,7,July,30,2,Tuesday,0,0,,1,0,1,
20260722,2026-07-22,2026,3,7,July,30,3,Wednesday,0,0,,1,1,0,WedŌåÆFri
20260723,2026-07-23,2026,3,7,July,30,4,Thursday,0,0,,1,0,0,
20260724,2026-07-24,2026,3,7,July,30,5,Friday,0,0,,1,1,1,FriŌåÆTue
20260725,2026-07-25,2026,3,7,July,30,6,Saturday,1,0,,1,0,0,
20260726,2026-07-26,2026,3,7,July,30,7,Sunday,1,0,,0,0,0,
20260727,2026-07-27,2026,3,7,July,31,1,Monday,0,0,,1,0,0,
20260728,2026-07-28,2026,3,7,July,31,2,Tuesday,0,0,,1,0,1,
20260729,2026-07-29,2026,3,7,July,31,3,Wednesday,0,0,,1,1,0,WedŌåÆFri
20260730,2026-07-30,2026,3,7,July,31,4,Thursday,0,0,,1,0,0,
20260731,2026-07-31,2026,3,7,July,31,5,Friday,0,0,,1,1,1,FriŌåÆTue
20260801,2026-08-01,2026,3,8,August,31,6,Saturday,1,0,,1,0,0,
20260802,2026-08-02,2026,3,8,August,31,7,Sunday,1,0,,0,0,0,
20260803,2026-08-03,2026,3,8,August,32,1,Monday,0,0,,1,0,0,
20260804,2026-08-04,2026,3,8,August,32,2,Tuesday,0,0,,1,0,1,
20260805,2026-08-05,2026,3,8,August,32,3,Wednesday,0,0,,1,1,0,WedŌåÆFri
20260806,2026-08-06,2026,3,8,August,32,4,Thursday,0,0,,1,0,0,
20260807,2026-08-07,2026,3,8,August,32,5,Friday,0,0,,1,1,1,FriŌåÆTue
20260808,2026-08-08,2026,3,8,August,32,6,Saturday,1,0,,1,0,0,
20260809,2026-08-09,2026,3,8,August,32,7,Sunday,1,0,,0,0,0,
20260810,2026-08-10,2026,3,8,August,33,1,Monday,0,0,,1,0,0,
20260811,2026-08-11,2026,3,8,August,33,2,Tuesday,0,0,,1,0,1,
20260812,2026-08-12,2026,3,8,August,33,3,Wednesday,0,0,,1,1,0,WedŌåÆFri
20260813,2026-08-13,2026,3,8,August,33,4,Thursday,0,0,,1,0,0,
20260814,2026-08-14,2026,3,8,August,33,5,Friday,0,0,,1,1,1,FriŌåÆTue
20260815,2026-08-15,2026,3,8,August,33,6,Saturday,1,0,,1,0,0,
20260816,2026-08-16,2026,3,8,August,33,7,Sunday,1,0,,0,0,0,
20260817,2026-08-17,2026,3,8,August,34,1,Monday,0,0,,1,0,0,
20260818,2026-08-18,2026,3,8,August,34,2,Tuesday,0,0,,1,0,1,
20260819,2026-08-19,2026,3,8,August,34,3,Wednesday,0,0,,1,1,0,WedŌåÆFri
20260820,2026-08-20,2026,3,8,August,34,4,Thursday,0,0,,1,0,0,
20260821,2026-08-21,2026,3,8,August,34,5,Friday,0,0,,1,1,1,FriŌåÆTue
20260822,2026-08-22,2026,3,8,August,34,6,Saturday,1,0,,1,0,0,
20260823,2026-08-23,2026,3,8,August,34,7,Sunday,1,0,,0,0,0,
20260824,2026-08-24,2026,3,8,August,35,1,Monday,0,0,,1,0,0,
20260825,2026-08-25,2026,3,8,August,35,2,Tuesday,0,0,,1,0,1,
20260826,2026-08-26,2026,3,8,August,35,3,Wednesday,0,0,,1,1,0,WedŌåÆFri
20260827,2026-08-27,2026,3,8,August,35,4,Thursday,0,0,,1,0,0,
20260828,2026-08-28,2026,3,8,August,35,5,Friday,0,0,,1,1,1,FriŌåÆTue
20260829,2026-08-29,2026,3,8,August,35,6,Saturday,1,0,,1,0,0,
20260830,2026-08-30,2026,3,8,August,35,7,Sunday,1,0,,0,0,0,
20260831,2026-08-31,2026,3,8,August,36,1,Monday,0,0,,1,0,0,
20260901,2026-09-01,2026,3,9,September,36,2,Tuesday,0,0,,1,0,1,
20260902,2026-09-02,2026,3,9,September,36,3,Wednesday,0,0,,1,1,0,WedŌåÆFri
20260903,2026-09-03,2026,3,9,September,36,4,Thursday,0,0,,1,0,0,
20260904,2026-09-04,2026,3,9,September,36,5,Friday,0,0,,1,1,1,FriŌåÆTue
20260905,2026-09-05,2026,3,9,September,36,6,Saturday,1,0,,1,0,0,
20260906,2026-09-06,2026,3,9,September,36,7,Sunday,1,0,,0,0,0,
20260907,2026-09-07,2026,3,9,September,37,1,Monday,0,0,,1,0,0,
20260908,2026-09-08,2026,3,9,September,37,2,Tuesday,0,0,,1,0,1,
20260909,2026-09-09,2026,3,9,September,37,3,Wednesday,0,0,,1,1,0,WedŌåÆFri
20260910,2026-09-10,2026,3,9,September,37,4,Thursday,0,0,,1,0,0,
20260911,2026-09-11,2026,3,9,September,37,5,Friday,0,0,,1,1,1,FriŌåÆTue
20260912,2026-09-12,2026,3,9,September,37,6,Saturday,1,0,,1,0,0,
20260913,2026-09-13,2026,3,9,September,37,7,Sunday,1,0,,0,0,0,
20260914,2026-09-14,2026,3,9,September,38,1,Monday,0,0,,1,0,0,
20260915,2026-09-15,2026,3,9,September,38,2,Tuesday,0,0,,1,0,1,
20260916,2026-09-16,2026,3,9,September,38,3,Wednesday,0,0,,1,1,0,WedŌåÆFri
20260917,2026-09-17,2026,3,9,September,38,4,Thursday,0,0,,1,0,0,
20260918,2026-09-18,2026,3,9,September,38,5,Friday,0,0,,1,1,1,FriŌåÆTue
20260919,2026-09-19,2026,3,9,September,38,6,Saturday,1,0,,1,0,0,
20260920,2026-09-20,2026,3,9,September,38,7,Sunday,1,0,,0,0,0,
20260921,2026-09-21,2026,3,9,September,39,1,Monday,0,0,,1,0,0,
20260922,2026-09-22,2026,3,9,September,39,2,Tuesday,0,0,,1,0,1,
20260923,2026-09-23,2026,3,9,September,39,3,Wednesday,0,0,,1,1,0,WedŌåÆFri
20260924,2026-09-24,2026,3,9,September,39,4,Thursday,0,0,,1,0,0,
20260925,2026-09-25,2026,3,9,September,39,5,Friday,0,0,,1,1,1,FriŌåÆTue
20260926,2026-09-26,2026,3,9,September,39,6,Saturday,1,0,,1,0,0,
20260927,2026-09-27,2026,3,9,September,39,7,Sunday,1,0,,0,0,0,
20260928,2026-09-28,2026,3,9,September,40,1,Monday,0,0,,1,0,0,
20260929,2026-09-29,2026,3,9,September,40,2,Tuesday,0,0,,1,0,1,
20260930,2026-09-30,2026,3,9,September,40,3,Wednesday,0,0,,1,1,0,WedŌåÆFri
20261001,2026-10-01,2026,4,10,October,40,4,Thursday,0,0,,1,0,0,
20261002,2026-10-02,2026,4,10,October,40,5,Friday,0,0,,1,1,1,FriŌåÆTue
20261003,2026-10-03,2026,4,10,October,40,6,Saturday,1,0,,1,0,0,
20261004,2026-10-04,2026,4,10,October,40,7,Sunday,1,0,,0,0,0,
20261005,2026-10-05,2026,4,10,October,41,1,Monday,0,0,,1,0,0,
20261006,2026-10-06,2026,4,10,October,41,2,Tuesday,0,0,,1,0,1,
20261007,2026-10-07,2026,4,10,October,41,3,Wednesday,0,0,,1,1,0,WedŌåÆFri
20261008,2026-10-08,2026,4,10,October,41,4,Thursday,0,0,,1,0,0,
20261009,2026-10-09,2026,4,10,October,41,5,Friday,0,0,,1,1,1,FriŌåÆTue
20261010,2026-10-10,2026,4,10,October,41,6,Saturday,1,0,,1,0,0,
20261011,2026-10-11,2026,4,10,October,41,7,Sunday,1,0,,0,0,0,
20261012,2026-10-12,2026,4,10,October,42,1,Monday,0,0,,1,0,0,
20261013,2026-10-13,2026,4,10,October,42,2,Tuesday,0,0,,1,0,1,
20261014,2026-10-14,2026,4,10,October,42,3,Wednesday,0,0,,1,1,0,WedŌåÆFri
20261015,2026-10-15,2026,4,10,October,42,4,Thursday,0,0,,1,0,0,
20261016,2026-10-16,2026,4,10,October,42,5,Friday,0,0,,1,1,1,FriŌåÆTue
20261017,2026-10-17,2026,4,10,October,42,6,Saturday,1,0,,1,0,0,
20261018,2026-10-18,2026,4,10,October,42,7,Sunday,1,0,,0,0,0,
20261019,2026-10-19,2026,4,10,October,43,1,Monday,0,0,,1,0,0,
20261020,2026-10-20,2026,4,10,October,43,2,Tuesday,0,0,,1,0,1,
20261021,2026-10-21,2026,4,10,October,43,3,Wednesday,0,0,,1,1,0,WedŌåÆFri
20261022,2026-10-22,2026,4,10,October,43,4,Thursday,0,0,,1,0,0,
20261023,2026-10-23,2026,4,10,October,43,5,Friday,0,0,,1,1,1,FriŌåÆTue
20261024,2026-10-24,2026,4,10,October,43,6,Saturday,1,0,,1,0,0,
20261025,2026-10-25,2026,4,10,October,43,7,Sunday,1,0,,0,0,0,
20261026,2026-10-26,2026,4,10,October,44,1,Monday,0,0,,1,0,0,
20261027,2026-10-27,2026,4,10,October,44,2,Tuesday,0,0,,1,0,1,
20261028,2026-10-28,2026,4,10,October,44,3,Wednesday,0,0,,1,1,0,WedŌåÆFri
20261029,2026-10-29,2026,4,10,October,44,4,Thursday,0,0,,1,0,0,
20261030,2026-10-30,2026,4,10,October,44,5,Friday,0,0,,1,1,1,FriŌåÆTue
20261031,2026-10-31,2026,4,10,October,44,6,Saturday,1,0,,1,0,0,
20261101,2026-11-01,2026,4,11,November,44,7,Sunday,1,0,,0,0,0,
20261102,2026-11-02,2026,4,11,November,45,1,Monday,0,0,,1,0,0,
20261103,2026-11-03,2026,4,11,November,45,2,Tuesday,0,0,,1,0,1,
20261104,2026-11-04,2026,4,11,November,45,3,Wednesday,0,0,,1,1,0,WedŌåÆFri
20261105,2026-11-05,2026,4,11,November,45,4,Thursday,0,0,,1,0,0,
20261106,2026-11-06,2026,4,11,November,45,5,Friday,0,0,,1,1,1,FriŌåÆTue
20261107,2026-11-07,2026,4,11,November,45,6,Saturday,1,0,,1,0,0,
20261108,2026-11-08,2026,4,11,November,45,7,Sunday,1,0,,0,0,0,
20261109,2026-11-09,2026,4,11,November,46,1,Monday,0,0,,1,0,0,
20261110,2026-11-10,2026,4,11,November,46,2,Tuesday,0,0,,1,0,1,
20261111,2026-11-11,2026,4,11,November,46,3,Wednesday,0,0,,1,1,0,WedŌåÆFri
20261112,2026-11-12,2026,4,11,November,46,4,Thursday,0,0,,1,0,0,
20261113,2026-11-13,2026,4,11,November,46,5,Friday,0,0,,1,1,1,FriŌåÆTue
20261114,2026-11-14,2026,4,11,November,46,6,Saturday,1,0,,1,0,0,
20261115,2026-11-15,2026,4,11,November,46,7,Sunday,1,0,,0,0,0,
20261116,2026-11-16,2026,4,11,November,47,1,Monday,0,0,,1,0,0,
20261117,2026-11-17,2026,4,11,November,47,2,Tuesday,0,0,,1,0,1,
20261118,2026-11-18,2026,4,11,November,47,3,Wednesday,0,0,,1,1,0,WedŌåÆFri
20261119,2026-11-19,2026,4,11,November,47,4,Thursday,0,0,,1,0,0,
20261120,2026-11-20,2026,4,11,November,47,5,Friday,0,0,,1,1,1,FriŌåÆTue
20261121,2026-11-21,2026,4,11,November,47,6,Saturday,1,0,,1,0,0,
20261122,2026-11-22,2026,4,11,November,47,7,Sunday,1,0,,0,0,0,
20261123,2026-11-23,2026,4,11,November,48,1,Monday,0,0,,1,0,0,
20261124,2026-11-24,2026,4,11,November,48,2,Tuesday,0,0,,1,0,1,
20261125,2026-11-25,2026,4,11,November,48,3,Wednesday,0,0,,1,1,0,WedŌåÆFri
20261126,2026-11-26,2026,4,11,November,48,4,Thursday,0,0,,1,0,0,
20261127,2026-11-27,2026,4,11,November,48,5,Friday,0,0,,1,1,1,FriŌåÆTue
20261128,2026-11-28,2026,4,11,November,48,6,Saturday,1,0,,1,0,0,
20261129,2026-11-29,2026,4,11,November,48,7,Sunday,1,0,,0,0,0,
20261130,2026-11-30,2026,4,11,November,49,1,Monday,0,0,,1,0,0,
20261201,2026-12-01,2026,4,12,December,49,2,Tuesday,0,0,,1,0,1,
20261202,2026-12-02,2026,4,12,December,49,3,Wednesday,0,0,,1,1,0,WedŌåÆFri
20261203,2026-12-03,2026,4,12,December,49,4,Thursday,0,0,,1,0,0,
20261204,2026-12-04,2026,4,12,December,49,5,Friday,0,0,,1,1,1,FriŌåÆTue
20261205,2026-12-05,2026,4,12,December,49,6,Saturday,1,0,,1,0,0,
20261206,2026-12-06,2026,4,12,December,49,7,Sunday,1,0,,0,0,0,
20261207,2026-12-07,2026,4,12,December,50,1,Monday,0,0,,1,0,0,
20261208,2026-12-08,2026,4,12,December,50,2,Tuesday,0,0,,1,0,1,
20261209,2026-12-09,2026,4,12,December,50,3,Wednesday,0,0,,1,1,0,WedŌåÆFri
20261210,2026-12-10,2026,4,12,December,50,4,Thursday,0,0,,1,0,0,
20261211,2026-12-11,2026,4,12,December,50,5,Friday,0,0,,1,1,1,FriŌåÆTue
20261212,2026-12-12,2026,4,12,December,50,6,Saturday,1,0,,1,0,0,
20261213,2026-12-13,2026,4,12,December,50,7,Sunday,1,0,,0,0,0,
20261214,2026-12-14,2026,4,12,December,51,1,Monday,0,0,,1,0,0,
20261215,2026-12-15,2026,4,12,December,51,2,Tuesday,0,0,,1,0,1,
20261216,2026-12-16,2026,4,12,December,51,3,Wednesday,0,0,,1,1,0,WedŌåÆFri
20261217,2026-12-17,2026,4,12,December,51,4,Thursday,0,0,,1,0,0,
20261218,2026-12-18,2026,4,12,December,51,5,Friday,0,0,,1,1,1,FriŌåÆTue
20261219,2026-12-19,2026,4,12,December,51,6,Saturday,1,0,,1,0,0,
20261220,2026-12-20,2026,4,12,December,51,7,Sunday,1,0,,0,0,0,
20261221,2026-12-21,2026,4,12,December,52,1,Monday,0,0,,1,0,0,
20261222,2026-12-22,2026,4,12,December,52,2,Tuesday,0,0,,1,0,1,
20261223,2026-12-23,2026,4,12,December,52,3,Wednesday,0,0,,1,1,0,WedŌåÆFri
20261224,2026-12-24,2026,4,12,December,52,4,Thursday,0,0,,1,0,0,
20261225,2026-12-25,2026,4,12,December,52,5,Friday,0,1,Christmas Day,0,1,1,FriŌåÆTue
20261226,2026-12-26,2026,4,12,December,52,6,Saturday,1,0,,1,0,0,
20261227,2026-12-27,2026,4,12,December,52,7,Sunday,1,0,,0,0,0,
20261228,2026-12-28,2026,4,12,December,53,1,Monday,0,1,Proclamation Day (observed),0,0,0,
20261229,2026-12-29,2026,4,12,December,53,2,Tuesday,0,0,,1,0,1,
20261230,2026-12-30,2026,4,12,December,53,3,Wednesday,0,0,,1,1,0,WedŌåÆFri
20261231,2026-12-31,2026,4,12,December,53,4,Thursday,0,0,,1,0,0,
20270101,2027-01-01,2027,1,1,January,53,5,Friday,0,1,New Year's Day,0,1,1,FriŌåÆTue
20270102,2027-01-02,2027,1,1,January,53,6,Saturday,1,0,,1,0,0,
20270103,2027-01-03,2027,1,1,January,53,7,Sunday,1,0,,0,0,0,
20270104,2027-01-04,2027,1,1,January,1,1,Monday,0,0,,1,0,0,
20270105,2027-01-05,2027,1,1,January,1,2,Tuesday,0,0,,1,0,1,
20270106,2027-01-06,2027,1,1,January,1,3,Wednesday,0,0,,1,1,0,WedŌåÆFri
20270107,2027-01-07,2027,1,1,January,1,4,Thursday,0,0,,1,0,0,
20270108,2027-01-08,2027,1,1,January,1,5,Friday,0,0,,1,1,1,FriŌåÆTue
20270109,2027-01-09,2027,1,1,January,1,6,Saturday,1,0,,1,0,0,
20270110,2027-01-10,2027,1,1,January,1,7,Sunday,1,0,,0,0,0,
20270111,2027-01-11,2027,1,1,January,2,1,Monday,0,0,,1,0,0,
20270112,2027-01-12,2027,1,1,January,2,2,Tuesday,0,0,,1,0,1,
20270113,2027-01-13,2027,1,1,January,2,3,Wednesday,0,0,,1,1,0,WedŌåÆFri
20270114,2027-01-14,2027,1,1,January,2,4,Thursday,0,0,,1,0,0,
20270115,2027-01-15,2027,1,1,January,2,5,Friday,0,0,,1,1,1,FriŌåÆTue
20270116,2027-01-16,2027,1,1,January,2,6,Saturday,1,0,,1,0,0,
20270117,2027-01-17,2027,1,1,January,2,7,Sunday,1,0,,0,0,0,
20270118,2027-01-18,2027,1,1,January,3,1,Monday,0,0,,1,0,0,
20270119,2027-01-19,2027,1,1,January,3,2,Tuesday,0,0,,1,0,1,
20270120,2027-01-20,2027,1,1,January,3,3,Wednesday,0,0,,1,1,0,WedŌåÆFri
20270121,2027-01-21,2027,1,1,January,3,4,Thursday,0,0,,1,0,0,
20270122,2027-01-22,2027,1,1,January,3,5,Friday,0,0,,1,1,1,FriŌåÆTue
20270123,2027-01-23,2027,1,1,January,3,6,Saturday,1,0,,1,0,0,
20270124,2027-01-24,2027,1,1,January,3,7,Sunday,1,0,,0,0,0,
20270125,2027-01-25,2027,1,1,January,4,1,Monday,0,0,,1,0,0,
20270126,2027-01-26,2027,1,1,January,4,2,Tuesday,0,1,Australia Day,0,0,1,
20270127,2027-01-27,2027,1,1,January,4,3,Wednesday,0,0,,1,1,0,WedŌåÆFri
20270128,2027-01-28,2027,1,1,January,4,4,Thursday,0,0,,1,0,0,
20270129,2027-01-29,2027,1,1,January,4,5,Friday,0,0,,1,1,1,FriŌåÆTue
20270130,2027-01-30,2027,1,1,January,4,6,Saturday,1,0,,1,0,0,
20270131,2027-01-31,2027,1,1,January,4,7,Sunday,1,0,,0,0,0,
20270201,2027-02-01,2027,1,2,February,5,1,Monday,0,0,,1,0,0,
20270202,2027-02-02,2027,1,2,February,5,2,Tuesday,0,0,,1,0,1,
20270203,2027-02-03,2027,1,2,February,5,3,Wednesday,0,0,,1,1,0,WedŌåÆFri
20270204,2027-02-04,2027,1,2,February,5,4,Thursday,0,0,,1,0,0,
20270205,2027-02-05,2027,1,2,February,5,5,Friday,0,0,,1,1,1,FriŌåÆTue
20270206,2027-02-06,2027,1,2,February,5,6,Saturday,1,0,,1,0,0,
20270207,2027-02-07,2027,1,2,February,5,7,Sunday,1,0,,0,0,0,
20270208,2027-02-08,2027,1,2,February,6,1,Monday,0,0,,1,0,0,
20270209,2027-02-09,2027,1,2,February,6,2,Tuesday,0,0,,1,0,1,
20270210,2027-02-10,2027,1,2,February,6,3,Wednesday,0,0,,1,1,0,WedŌåÆFri
20270211,2027-02-11,2027,1,2,February,6,4,Thursday,0,0,,1,0,0,
20270212,2027-02-12,2027,1,2,February,6,5,Friday,0,0,,1,1,1,FriŌåÆTue
20270213,2027-02-13,2027,1,2,February,6,6,Saturday,1,0,,1,0,0,
20270214,2027-02-14,2027,1,2,February,6,7,Sunday,1,0,,0,0,0,
20270215,2027-02-15,2027,1,2,February,7,1,Monday,0,0,,1,0,0,
20270216,2027-02-16,2027,1,2,February,7,2,Tuesday,0,0,,1,0,1,
20270217,2027-02-17,2027,1,2,February,7,3,Wednesday,0,0,,1,1,0,WedŌåÆFri
20270218,2027-02-18,2027,1,2,February,7,4,Thursday,0,0,,1,0,0,
20270219,2027-02-19,2027,1,2,February,7,5,Friday,0,0,,1,1,1,FriŌåÆTue
20270220,2027-02-20,2027,1,2,February,7,6,Saturday,1,0,,1,0,0,
20270221,2027-02-21,2027,1,2,February,7,7,Sunday,1,0,,0,0,0,
20270222,2027-02-22,2027,1,2,February,8,1,Monday,0,0,,1,0,0,
20270223,2027-02-23,2027,1,2,February,8,2,Tuesday,0,0,,1,0,1,
20270224,2027-02-24,2027,1,2,February,8,3,Wednesday,0,0,,1,1,0,WedŌåÆFri
20270225,2027-02-25,2027,1,2,February,8,4,Thursday,0,0,,1,0,0,
20270226,2027-02-26,2027,1,2,February,8,5,Friday,0,0,,1,1,1,FriŌåÆTue
20270227,2027-02-27,2027,1,2,February,8,6,Saturday,1,0,,1,0,0,
20270228,2027-02-28,2027,1,2,February,8,7,Sunday,1,0,,0,0,0,
20270301,2027-03-01,2027,1,3,March,9,1,Monday,0,0,,1,0,0,
20270302,2027-03-02,2027,1,3,March,9,2,Tuesday,0,0,,1,0,1,
20270303,2027-03-03,2027,1,3,March,9,3,Wednesday,0,0,,1,1,0,WedŌåÆFri
20270304,2027-03-04,2027,1,3,March,9,4,Thursday,0,0,,1,0,0,
20270305,2027-03-05,2027,1,3,March,9,5,Friday,0,0,,1,1,1,FriŌåÆTue
20270306,2027-03-06,2027,1,3,March,9,6,Saturday,1,0,,1,0,0,
20270307,2027-03-07,2027,1,3,March,9,7,Sunday,1,0,,0,0,0,
20270308,2027-03-08,2027,1,3,March,10,1,Monday,0,1,Adelaide Cup,0,0,0,
20270309,2027-03-09,2027,1,3,March,10,2,Tuesday,0,0,,1,0,1,
20270310,2027-03-10,2027,1,3,March,10,3,Wednesday,0,0,,1,1,0,WedŌåÆFri
20270311,2027-03-11,2027,1,3,March,10,4,Thursday,0,0,,1,0,0,
20270312,2027-03-12,2027,1,3,March,10,5,Friday,0,0,,1,1,1,FriŌåÆTue
20270313,2027-03-13,2027,1,3,March,10,6,Saturday,1,0,,1,0,0,
20270314,2027-03-14,2027,1,3,March,10,7,Sunday,1,0,,0,0,0,
20270315,2027-03-15,2027,1,3,March,11,1,Monday,0,0,,1,0,0,
20270316,2027-03-16,2027,1,3,March,11,2,Tuesday,0,0,,1,0,1,
20270317,2027-03-17,2027,1,3,March,11,3,Wednesday,0,0,,1,1,0,WedŌåÆFri
20270318,2027-03-18,2027,1,3,March,11,4,Thursday,0,0,,1,0,0,
20270319,2027-03-19,2027,1,3,March,11,5,Friday,0,0,,1,1,1,FriŌåÆTue
20270320,2027-03-20,2027,1,3,March,11,6,Saturday,1,0,,1,0,0,
20270321,2027-03-21,2027,1,3,March,11,7,Sunday,1,0,,0,0,0,
20270322,2027-03-22,2027,1,3,March,12,1,Monday,0,0,,1,0,0,
20270323,2027-03-23,2027,1,3,March,12,2,Tuesday,0,0,,1,0,1,
20270324,2027-03-24,2027,1,3,March,12,3,Wednesday,0,0,,1,1,0,WedŌåÆFri
20270325,2027-03-25,2027,1,3,March,12,4,Thursday,0,0,,1,0,0,
20270326,2027-03-26,2027,1,3,March,12,5,Friday,0,1,Good Friday,0,1,1,FriŌåÆTue
20270327,2027-03-27,2027,1,3,March,12,6,Saturday,1,0,,1,0,0,
20270328,2027-03-28,2027,1,3,March,12,7,Sunday,1,0,,0,0,0,
20270329,2027-03-29,2027,1,3,March,13,1,Monday,0,1,Easter Monday,0,0,0,
20270330,2027-03-30,2027,1,3,March,13,2,Tuesday,0,0,,1,0,1,
20270331,2027-03-31,2027,1,3,March,13,3,Wednesday,0,0,,1,1,0,WedŌåÆFri
20270401,2027-04-01,2027,2,4,April,13,4,Thursday,0,0,,1,0,0,
20270402,2027-04-02,2027,2,4,April,13,5,Friday,0,0,,1,1,1,FriŌåÆTue
20270403,2027-04-03,2027,2,4,April,13,6,Saturday,1,0,,1,0,0,
20270404,2027-04-04,2027,2,4,April,13,7,Sunday,1,0,,0,0,0,
20270405,2027-04-05,2027,2,4,April,14,1,Monday,0,0,,1,0,0,
20270406,2027-04-06,2027,2,4,April,14,2,Tuesday,0,0,,1,0,1,
20270407,2027-04-07,2027,2,4,April,14,3,Wednesday,0,0,,1,1,0,WedŌåÆFri
20270408,2027-04-08,2027,2,4,April,14,4,Thursday,0,0,,1,0,0,
20270409,2027-04-09,2027,2,4,April,14,5,Friday,0,0,,1,1,1,FriŌåÆTue
20270410,2027-04-10,2027,2,4,April,14,6,Saturday,1,0,,1,0,0,
20270411,2027-04-11,2027,2,4,April,14,7,Sunday,1,0,,0,0,0,
20270412,2027-04-12,2027,2,4,April,15,1,Monday,0,0,,1,0,0,
20270413,2027-04-13,2027,2,4,April,15,2,Tuesday,0,0,,1,0,1,
20270414,2027-04-14,2027,2,4,April,15,3,Wednesday,0,0,,1,1,0,WedŌåÆFri
20270415,2027-04-15,2027,2,4,April,15,4,Thursday,0,0,,1,0,0,
20270416,2027-04-16,2027,2,4,April,15,5,Friday,0,0,,1,1,1,FriŌåÆTue
20270417,2027-04-17,2027,2,4,April,15,6,Saturday,1,0,,1,0,0,
20270418,2027-04-18,2027,2,4,April,15,7,Sunday,1,0,,0,0,0,
20270419,2027-04-19,2027,2,4,April,16,1,Monday,0,0,,1,0,0,
20270420,2027-04-20,2027,2,4,April,16,2,Tuesday,0,0,,1,0,1,
20270421,2027-04-21,2027,2,4,April,16,3,Wednesday,0,0,,1,1,0,WedŌåÆFri
20270422,2027-04-22,2027,2,4,April,16,4,Thursday,0,0,,1,0,0,
20270423,2027-04-23,2027,2,4,April,16,5,Friday,0,0,,1,1,1,FriŌåÆTue
20270424,2027-04-24,2027,2,4,April,16,6,Saturday,1,0,,1,0,0,
20270425,2027-04-25,2027,2,4,April,16,7,Sunday,1,0,,0,0,0,
20270426,2027-04-26,2027,2,4,April,17,1,Monday,0,1,ANZAC Day (observed),0,0,0,
20270427,2027-04-27,2027,2,4,April,17,2,Tuesday,0,0,,1,0,1,
20270428,2027-04-28,2027,2,4,April,17,3,Wednesday,0,0,,1,1,0,WedŌåÆFri
20270429,2027-04-29,2027,2,4,April,17,4,Thursday,0,0,,1,0,0,
20270430,2027-04-30,2027,2,4,April,17,5,Friday,0,0,,1,1,1,FriŌåÆTue
20270501,2027-05-01,2027,2,5,May,17,6,Saturday,1,0,,1,0,0,
20270502,2027-05-02,2027,2,5,May,17,7,Sunday,1,0,,0,0,0,
20270503,2027-05-03,2027,2,5,May,18,1,Monday,0,0,,1,0,0,
20270504,2027-05-04,2027,2,5,May,18,2,Tuesday,0,0,,1,0,1,
20270505,2027-05-05,2027,2,5,May,18,3,Wednesday,0,0,,1,1,0,WedŌåÆFri
20270506,2027-05-06,2027,2,5,May,18,4,Thursday,0,0,,1,0,0,
20270507,2027-05-07,2027,2,5,May,18,5,Friday,0,0,,1,1,1,FriŌåÆTue
20270508,2027-05-08,2027,2,5,May,18,6,Saturday,1,0,,1,0,0,
20270509,2027-05-09,2027,2,5,May,18,7,Sunday,1,0,,0,0,0,
20270510,2027-05-10,2027,2,5,May,19,1,Monday,0,0,,1,0,0,
20270511,2027-05-11,2027,2,5,May,19,2,Tuesday,0,0,,1,0,1,
20270512,2027-05-12,2027,2,5,May,19,3,Wednesday,0,0,,1,1,0,WedŌåÆFri
20270513,2027-05-13,2027,2,5,May,19,4,Thursday,0,0,,1,0,0,
20270514,2027-05-14,2027,2,5,May,19,5,Friday,0,0,,1,1,1,FriŌåÆTue
20270515,2027-05-15,2027,2,5,May,19,6,Saturday,1,0,,1,0,0,
20270516,2027-05-16,2027,2,5,May,19,7,Sunday,1,0,,0,0,0,
20270517,2027-05-17,2027,2,5,May,20,1,Monday,0,0,,1,0,0,
20270518,2027-05-18,2027,2,5,May,20,2,Tuesday,0,0,,1,0,1,
20270519,2027-05-19,2027,2,5,May,20,3,Wednesday,0,0,,1,1,0,WedŌåÆFri
20270520,2027-05-20,2027,2,5,May,20,4,Thursday,0,0,,1,0,0,
20270521,2027-05-21,2027,2,5,May,20,5,Friday,0,0,,1,1,1,FriŌåÆTue
20270522,2027-05-22,2027,2,5,May,20,6,Saturday,1,0,,1,0,0,
20270523,2027-05-23,2027,2,5,May,20,7,Sunday,1,0,,0,0,0,
20270524,2027-05-24,2027,2,5,May,21,1,Monday,0,0,,1,0,0,
20270525,2027-05-25,2027,2,5,May,21,2,Tuesday,0,0,,1,0,1,
20270526,2027-05-26,2027,2,5,May,21,3,Wednesday,0,0,,1,1,0,WedŌåÆFri
20270527,2027-05-27,2027,2,5,May,21,4,Thursday,0,0,,1,0,0,
20270528,2027-05-28,2027,2,5,May,21,5,Friday,0,0,,1,1,1,FriŌåÆTue
20270529,2027-05-29,2027,2,5,May,21,6,Saturday,1,0,,1,0,0,
20270530,2027-05-30,2027,2,5,May,21,7,Sunday,1,0,,0,0,0,
20270531,2027-05-31,2027,2,5,May,22,1,Monday,0,0,,1,0,0,
20270601,2027-06-01,2027,2,6,June,22,2,Tuesday,0,0,,1,0,1,
20270602,2027-06-02,2027,2,6,June,22,3,Wednesday,0,0,,1,1,0,WedŌåÆFri
20270603,2027-06-03,2027,2,6,June,22,4,Thursday,0,0,,1,0,0,
20270604,2027-06-04,2027,2,6,June,22,5,Friday,0,0,,1,1,1,FriŌåÆTue
20270605,2027-06-05,2027,2,6,June,22,6,Saturday,1,0,,1,0,0,
20270606,2027-06-06,2027,2,6,June,22,7,Sunday,1,0,,0,0,0,
20270607,2027-06-07,2027,2,6,June,23,1,Monday,0,0,,1,0,0,
20270608,2027-06-08,2027,2,6,June,23,2,Tuesday,0,1,King's Birthday (SA),0,0,1,
20270609,2027-06-09,2027,2,6,June,23,3,Wednesday,0,0,,1,1,0,WedŌåÆFri
20270610,2027-06-10,2027,2,6,June,23,4,Thursday,0,0,,1,0,0,
20270611,2027-06-11,2027,2,6,June,23,5,Friday,0,0,,1,1,1,FriŌåÆTue
20270612,2027-06-12,2027,2,6,June,23,6,Saturday,1,0,,1,0,0,
20270613,2027-06-13,2027,2,6,June,23,7,Sunday,1,0,,0,0,0,
20270614,2027-06-14,2027,2,6,June,24,1,Monday,0,0,,1,0,0,
20270615,2027-06-15,2027,2,6,June,24,2,Tuesday,0,0,,1,0,1,
20270616,2027-06-16,2027,2,6,June,24,3,Wednesday,0,0,,1,1,0,WedŌåÆFri
20270617,2027-06-17,2027,2,6,June,24,4,Thursday,0,0,,1,0,0,
20270618,2027-06-18,2027,2,6,June,24,5,Friday,0,0,,1,1,1,FriŌåÆTue
20270619,2027-06-19,2027,2,6,June,24,6,Saturday,1,0,,1,0,0,
20270620,2027-06-20,2027,2,6,June,24,7,Sunday,1,0,,0,0,0,
20270621,2027-06-21,2027,2,6,June,25,1,Monday,0,0,,1,0,0,
20270622,2027-06-22,2027,2,6,June,25,2,Tuesday,0,0,,1,0,1,
20270623,2027-06-23,2027,2,6,June,25,3,Wednesday,0,0,,1,1,0,WedŌåÆFri
20270624,2027-06-24,2027,2,6,June,25,4,Thursday,0,0,,1,0,0,
20270625,2027-06-25,2027,2,6,June,25,5,Friday,0,0,,1,1,1,FriŌåÆTue
20270626,2027-06-26,2027,2,6,June,25,6,Saturday,1,0,,1,0,0,
20270627,2027-06-27,2027,2,6,June,25,7,Sunday,1,0,,0,0,0,
20270628,2027-06-28,2027,2,6,June,26,1,Monday,0,0,,1,0,0,
20270629,2027-06-29,2027,2,6,June,26,2,Tuesday,0,0,,1,0,1,
20270630,2027-06-30,2027,2,6,June,26,3,Wednesday,0,0,,1,1,0,WedŌåÆFri
20270701,2027-07-01,2027,3,7,July,26,4,Thursday,0,0,,1,0,0,
20270702,2027-07-02,2027,3,7,July,26,5,Friday,0,0,,1,1,1,FriŌåÆTue
20270703,2027-07-03,2027,3,7,July,26,6,Saturday,1,0,,1,0,0,
20270704,2027-07-04,2027,3,7,July,26,7,Sunday,1,0,,0,0,0,
20270705,2027-07-05,2027,3,7,July,27,1,Monday,0,0,,1,0,0,
20270706,2027-07-06,2027,3,7,July,27,2,Tuesday,0,0,,1,0,1,
20270707,2027-07-07,2027,3,7,July,27,3,Wednesday,0,0,,1,1,0,WedŌåÆFri
20270708,2027-07-08,2027,3,7,July,27,4,Thursday,0,0,,1,0,0,
20270709,2027-07-09,2027,3,7,July,27,5,Friday,0,0,,1,1,1,FriŌåÆTue
20270710,2027-07-10,2027,3,7,July,27,6,Saturday,1,0,,1,0,0,
20270711,2027-07-11,2027,3,7,July,27,7,Sunday,1,0,,0,0,0,
20270712,2027-07-12,2027,3,7,July,28,1,Monday,0,0,,1,0,0,
20270713,2027-07-13,2027,3,7,July,28,2,Tuesday,0,0,,1,0,1,
20270714,2027-07-14,2027,3,7,July,28,3,Wednesday,0,0,,1,1,0,WedŌåÆFri
20270715,2027-07-15,2027,3,7,July,28,4,Thursday,0,0,,1,0,0,
20270716,2027-07-16,2027,3,7,July,28,5,Friday,0,0,,1,1,1,FriŌåÆTue
20270717,2027-07-17,2027,3,7,July,28,6,Saturday,1,0,,1,0,0,
20270718,2027-07-18,2027,3,7,July,28,7,Sunday,1,0,,0,0,0,
20270719,2027-07-19,2027,3,7,July,29,1,Monday,0,0,,1,0,0,
20270720,2027-07-20,2027,3,7,July,29,2,Tuesday,0,0,,1,0,1,
20270721,2027-07-21,2027,3,7,July,29,3,Wednesday,0,0,,1,1,0,WedŌåÆFri
20270722,2027-07-22,2027,3,7,July,29,4,Thursday,0,0,,1,0,0,
20270723,2027-07-23,2027,3,7,July,29,5,Friday,0,0,,1,1,1,FriŌåÆTue
20270724,2027-07-24,2027,3,7,July,29,6,Saturday,1,0,,1,0,0,
20270725,2027-07-25,2027,3,7,July,29,7,Sunday,1,0,,0,0,0,
20270726,2027-07-26,2027,3,7,July,30,1,Monday,0,0,,1,0,0,
20270727,2027-07-27,2027,3,7,July,30,2,Tuesday,0,0,,1,0,1,
20270728,2027-07-28,2027,3,7,July,30,3,Wednesday,0,0,,1,1,0,WedŌåÆFri
20270729,2027-07-29,2027,3,7,July,30,4,Thursday,0,0,,1,0,0,
20270730,2027-07-30,2027,3,7,July,30,5,Friday,0,0,,1,1,1,FriŌåÆTue
20270731,2027-07-31,2027,3,7,July,30,6,Saturday,1,0,,1,0,0,
20270801,2027-08-01,2027,3,8,August,30,7,Sunday,1,0,,0,0,0,
20270802,2027-08-02,2027,3,8,August,31,1,Monday,0,0,,1,0,0,
20270803,2027-08-03,2027,3,8,August,31,2,Tuesday,0,0,,1,0,1,
20270804,2027-08-04,2027,3,8,August,31,3,Wednesday,0,0,,1,1,0,WedŌåÆFri
20270805,2027-08-05,2027,3,8,August,31,4,Thursday,0,0,,1,0,0,
20270806,2027-08-06,2027,3,8,August,31,5,Friday,0,0,,1,1,1,FriŌåÆTue
20270807,2027-08-07,2027,3,8,August,31,6,Saturday,1,0,,1,0,0,
20270808,2027-08-08,2027,3,8,August,31,7,Sunday,1,0,,0,0,0,
20270809,2027-08-09,2027,3,8,August,32,1,Monday,0,0,,1,0,0,
20270810,2027-08-10,2027,3,8,August,32,2,Tuesday,0,0,,1,0,1,
20270811,2027-08-11,2027,3,8,August,32,3,Wednesday,0,0,,1,1,0,WedŌåÆFri
20270812,2027-08-12,2027,3,8,August,32,4,Thursday,0,0,,1,0,0,
20270813,2027-08-13,2027,3,8,August,32,5,Friday,0,0,,1,1,1,FriŌåÆTue
20270814,2027-08-14,2027,3,8,August,32,6,Saturday,1,0,,1,0,0,
20270815,2027-08-15,2027,3,8,August,32,7,Sunday,1,0,,0,0,0,
20270816,2027-08-16,2027,3,8,August,33,1,Monday,0,0,,1,0,0,
20270817,2027-08-17,2027,3,8,August,33,2,Tuesday,0,0,,1,0,1,
20270818,2027-08-18,2027,3,8,August,33,3,Wednesday,0,0,,1,1,0,WedŌåÆFri
20270819,2027-08-19,2027,3,8,August,33,4,Thursday,0,0,,1,0,0,
20270820,2027-08-20,2027,3,8,August,33,5,Friday,0,0,,1,1,1,FriŌåÆTue
20270821,2027-08-21,2027,3,8,August,33,6,Saturday,1,0,,1,0,0,
20270822,2027-08-22,2027,3,8,August,33,7,Sunday,1,0,,0,0,0,
20270823,2027-08-23,2027,3,8,August,34,1,Monday,0,0,,1,0,0,
20270824,2027-08-24,2027,3,8,August,34,2,Tuesday,0,0,,1,0,1,
20270825,2027-08-25,2027,3,8,August,34,3,Wednesday,0,0,,1,1,0,WedŌåÆFri
20270826,2027-08-26,2027,3,8,August,34,4,Thursday,0,0,,1,0,0,
20270827,2027-08-27,2027,3,8,August,34,5,Friday,0,0,,1,1,1,FriŌåÆTue
20270828,2027-08-28,2027,3,8,August,34,6,Saturday,1,0,,1,0,0,
20270829,2027-08-29,2027,3,8,August,34,7,Sunday,1,0,,0,0,0,
20270830,2027-08-30,2027,3,8,August,35,1,Monday,0,0,,1,0,0,
20270831,2027-08-31,2027,3,8,August,35,2,Tuesday,0,0,,1,0,1,
20270901,2027-09-01,2027,3,9,September,35,3,Wednesday,0,0,,1,1,0,WedŌåÆFri
20270902,2027-09-02,2027,3,9,September,35,4,Thursday,0,0,,1,0,0,
20270903,2027-09-03,2027,3,9,September,35,5,Friday,0,0,,1,1,1,FriŌåÆTue
20270904,2027-09-04,2027,3,9,September,35,6,Saturday,1,0,,1,0,0,
20270905,2027-09-05,2027,3,9,September,35,7,Sunday,1,0,,0,0,0,
20270906,2027-09-06,2027,3,9,September,36,1,Monday,0,0,,1,0,0,
20270907,2027-09-07,2027,3,9,September,36,2,Tuesday,0,0,,1,0,1,
20270908,2027-09-08,2027,3,9,September,36,3,Wednesday,0,0,,1,1,0,WedŌåÆFri
20270909,2027-09-09,2027,3,9,September,36,4,Thursday,0,0,,1,0,0,
20270910,2027-09-10,2027,3,9,September,36,5,Friday,0,0,,1,1,1,FriŌåÆTue
20270911,2027-09-11,2027,3,9,September,36,6,Saturday,1,0,,1,0,0,
20270912,2027-09-12,2027,3,9,September,36,7,Sunday,1,0,,0,0,0,
20270913,2027-09-13,2027,3,9,September,37,1,Monday,0,0,,1,0,0,
20270914,2027-09-14,2027,3,9,September,37,2,Tuesday,0,0,,1,0,1,
20270915,2027-09-15,2027,3,9,September,37,3,Wednesday,0,0,,1,1,0,WedŌåÆFri
20270916,2027-09-16,2027,3,9,September,37,4,Thursday,0,0,,1,0,0,
20270917,2027-09-17,2027,3,9,September,37,5,Friday,0,0,,1,1,1,FriŌåÆTue
20270918,2027-09-18,2027,3,9,September,37,6,Saturday,1,0,,1,0,0,
20270919,2027-09-19,2027,3,9,September,37,7,Sunday,1,0,,0,0,0,
20270920,2027-09-20,2027,3,9,September,38,1,Monday,0,0,,1,0,0,
20270921,2027-09-21,2027,3,9,September,38,2,Tuesday,0,0,,1,0,1,
20270922,2027-09-22,2027,3,9,September,38,3,Wednesday,0,0,,1,1,0,WedŌåÆFri
20270923,2027-09-23,2027,3,9,September,38,4,Thursday,0,0,,1,0,0,
20270924,2027-09-24,2027,3,9,September,38,5,Friday,0,0,,1,1,1,FriŌåÆTue
20270925,2027-09-25,2027,3,9,September,38,6,Saturday,1,0,,1,0,0,
20270926,2027-09-26,2027,3,9,September,38,7,Sunday,1,0,,0,0,0,
20270927,2027-09-27,2027,3,9,September,39,1,Monday,0,0,,1,0,0,
20270928,2027-09-28,2027,3,9,September,39,2,Tuesday,0,0,,1,0,1,
20270929,2027-09-29,2027,3,9,September,39,3,Wednesday,0,0,,1,1,0,WedŌåÆFri
20270930,2027-09-30,2027,3,9,September,39,4,Thursday,0,0,,1,0,0,
20271001,2027-10-01,2027,4,10,October,39,5,Friday,0,0,,1,1,1,FriŌåÆTue
20271002,2027-10-02,2027,4,10,October,39,6,Saturday,1,0,,1,0,0,
20271003,2027-10-03,2027,4,10,October,39,7,Sunday,1,0,,0,0,0,
20271004,2027-10-04,2027,4,10,October,40,1,Monday,0,0,,1,0,0,
20271005,2027-10-05,2027,4,10,October,40,2,Tuesday,0,0,,1,0,1,
20271006,2027-10-06,2027,4,10,October,40,3,Wednesday,0,0,,1,1,0,WedŌåÆFri
20271007,2027-10-07,2027,4,10,October,40,4,Thursday,0,0,,1,0,0,
20271008,2027-10-08,2027,4,10,October,40,5,Friday,0,0,,1,1,1,FriŌåÆTue
20271009,2027-10-09,2027,4,10,October,40,6,Saturday,1,0,,1,0,0,
20271010,2027-10-10,2027,4,10,October,40,7,Sunday,1,0,,0,0,0,
20271011,2027-10-11,2027,4,10,October,41,1,Monday,0,0,,1,0,0,
20271012,2027-10-12,2027,4,10,October,41,2,Tuesday,0,0,,1,0,1,
20271013,2027-10-13,2027,4,10,October,41,3,Wednesday,0,0,,1,1,0,WedŌåÆFri
20271014,2027-10-14,2027,4,10,October,41,4,Thursday,0,0,,1,0,0,
20271015,2027-10-15,2027,4,10,October,41,5,Friday,0,0,,1,1,1,FriŌåÆTue
20271016,2027-10-16,2027,4,10,October,41,6,Saturday,1,0,,1,0,0,
20271017,2027-10-17,2027,4,10,October,41,7,Sunday,1,0,,0,0,0,
20271018,2027-10-18,2027,4,10,October,42,1,Monday,0,0,,1,0,0,
20271019,2027-10-19,2027,4,10,October,42,2,Tuesday,0,0,,1,0,1,
20271020,2027-10-20,2027,4,10,October,42,3,Wednesday,0,0,,1,1,0,WedŌåÆFri
20271021,2027-10-21,2027,4,10,October,42,4,Thursday,0,0,,1,0,0,
20271022,2027-10-22,2027,4,10,October,42,5,Friday,0,0,,1,1,1,FriŌåÆTue
20271023,2027-10-23,2027,4,10,October,42,6,Saturday,1,0,,1,0,0,
20271024,2027-10-24,2027,4,10,October,42,7,Sunday,1,0,,0,0,0,
20271025,2027-10-25,2027,4,10,October,43,1,Monday,0,0,,1,0,0,
20271026,2027-10-26,2027,4,10,October,43,2,Tuesday,0,0,,1,0,1,
20271027,2027-10-27,2027,4,10,October,43,3,Wednesday,0,0,,1,1,0,WedŌåÆFri
20271028,2027-10-28,2027,4,10,October,43,4,Thursday,0,0,,1,0,0,
20271029,2027-10-29,2027,4,10,October,43,5,Friday,0,0,,1,1,1,FriŌåÆTue
20271030,2027-10-30,2027,4,10,October,43,6,Saturday,1,0,,1,0,0,
20271031,2027-10-31,2027,4,10,October,43,7,Sunday,1,0,,0,0,0,
20271101,2027-11-01,2027,4,11,November,44,1,Monday,0,0,,1,0,0,
20271102,2027-11-02,2027,4,11,November,44,2,Tuesday,0,0,,1,0,1,
20271103,2027-11-03,2027,4,11,November,44,3,Wednesday,0,0,,1,1,0,WedŌåÆFri
20271104,2027-11-04,2027,4,11,November,44,4,Thursday,0,0,,1,0,0,
20271105,2027-11-05,2027,4,11,November,44,5,Friday,0,0,,1,1,1,FriŌåÆTue
20271106,2027-11-06,2027,4,11,November,44,6,Saturday,1,0,,1,0,0,
20271107,2027-11-07,2027,4,11,November,44,7,Sunday,1,0,,0,0,0,
20271108,2027-11-08,2027,4,11,November,45,1,Monday,0,0,,1,0,0,
20271109,2027-11-09,2027,4,11,November,45,2,Tuesday,0,0,,1,0,1,
20271110,2027-11-10,2027,4,11,November,45,3,Wednesday,0,0,,1,1,0,WedŌåÆFri
20271111,2027-11-11,2027,4,11,November,45,4,Thursday,0,0,,1,0,0,
20271112,2027-11-12,2027,4,11,November,45,5,Friday,0,0,,1,1,1,FriŌåÆTue
20271113,2027-11-13,2027,4,11,November,45,6,Saturday,1,0,,1,0,0,
20271114,2027-11-14,2027,4,11,November,45,7,Sunday,1,0,,0,0,0,
20271115,2027-11-15,2027,4,11,November,46,1,Monday,0,0,,1,0,0,
20271116,2027-11-16,2027,4,11,November,46,2,Tuesday,0,0,,1,0,1,
20271117,2027-11-17,2027,4,11,November,46,3,Wednesday,0,0,,1,1,0,WedŌåÆFri
20271118,2027-11-18,2027,4,11,November,46,4,Thursday,0,0,,1,0,0,
20271119,2027-11-19,2027,4,11,November,46,5,Friday,0,0,,1,1,1,FriŌåÆTue
20271120,2027-11-20,2027,4,11,November,46,6,Saturday,1,0,,1,0,0,
20271121,2027-11-21,2027,4,11,November,46,7,Sunday,1,0,,0,0,0,
20271122,2027-11-22,2027,4,11,November,47,1,Monday,0,0,,1,0,0,
20271123,2027-11-23,2027,4,11,November,47,2,Tuesday,0,0,,1,0,1,
20271124,2027-11-24,2027,4,11,November,47,3,Wednesday,0,0,,1,1,0,WedŌåÆFri
20271125,2027-11-25,2027,4,11,November,47,4,Thursday,0,0,,1,0,0,
20271126,2027-11-26,2027,4,11,November,47,5,Friday,0,0,,1,1,1,FriŌåÆTue
20271127,2027-11-27,2027,4,11,November,47,6,Saturday,1,0,,1,0,0,
20271128,2027-11-28,2027,4,11,November,47,7,Sunday,1,0,,0,0,0,
20271129,2027-11-29,2027,4,11,November,48,1,Monday,0,0,,1,0,0,
20271130,2027-11-30,2027,4,11,November,48,2,Tuesday,0,0,,1,0,1,
20271201,2027-12-01,2027,4,12,December,48,3,Wednesday,0,0,,1,1,0,WedŌåÆFri
20271202,2027-12-02,2027,4,12,December,48,4,Thursday,0,0,,1,0,0,
20271203,2027-12-03,2027,4,12,December,48,5,Friday,0,0,,1,1,1,FriŌåÆTue
20271204,2027-12-04,2027,4,12,December,48,6,Saturday,1,0,,1,0,0,
20271205,2027-12-05,2027,4,12,December,48,7,Sunday,1,0,,0,0,0,
20271206,2027-12-06,2027,4,12,December,49,1,Monday,0,0,,1,0,0,
20271207,2027-12-07,2027,4,12,December,49,2,Tuesday,0,0,,1,0,1,
20271208,2027-12-08,2027,4,12,December,49,3,Wednesday,0,0,,1,1,0,WedŌåÆFri
20271209,2027-12-09,2027,4,12,December,49,4,Thursday,0,0,,1,0,0,
20271210,2027-12-10,2027,4,12,December,49,5,Friday,0,0,,1,1,1,FriŌåÆTue
20271211,2027-12-11,2027,4,12,December,49,6,Saturday,1,0,,1,0,0,
20271212,2027-12-12,2027,4,12,December,49,7,Sunday,1,0,,0,0,0,
20271213,2027-12-13,2027,4,12,December,50,1,Monday,0,0,,1,0,0,
20271214,2027-12-14,2027,4,12,December,50,2,Tuesday,0,0,,1,0,1,
20271215,2027-12-15,2027,4,12,December,50,3,Wednesday,0,0,,1,1,0,WedŌåÆFri
20271216,2027-12-16,2027,4,12,December,50,4,Thursday,0,0,,1,0,0,
20271217,2027-12-17,2027,4,12,December,50,5,Friday,0,0,,1,1,1,FriŌåÆTue
20271218,2027-12-18,2027,4,12,December,50,6,Saturday,1,0,,1,0,0,
20271219,2027-12-19,2027,4,12,December,50,7,Sunday,1,0,,0,0,0,
20271220,2027-12-20,2027,4,12,December,51,1,Monday,0,0,,1,0,0,
20271221,2027-12-21,2027,4,12,December,51,2,Tuesday,0,0,,1,0,1,
20271222,2027-12-22,2027,4,12,December,51,3,Wednesday,0,0,,1,1,0,WedŌåÆFri
20271223,2027-12-23,2027,4,12,December,51,4,Thursday,0,0,,1,0,0,
20271224,2027-12-24,2027,4,12,December,51,5,Friday,0,0,,1,1,1,FriŌåÆTue
20271225,2027-12-25,2027,4,12,December,51,6,Saturday,1,0,,1,0,0,
20271226,2027-12-26,2027,4,12,December,51,7,Sunday,1,0,,0,0,0,
20271227,2027-12-27,2027,4,12,December,52,1,Monday,0,1,Christmas Day (observed),0,0,0,
20271228,2027-12-28,2027,4,12,December,52,2,Tuesday,0,1,Proclamation Day (observed),0,0,1,
20271229,2027-12-29,2027,4,12,December,52,3,Wednesday,0,0,,1,1,0,WedŌåÆFri
20271230,2027-12-30,2027,4,12,December,52,4,Thursday,0,0,,1,0,0,
20271231,2027-12-31,2027,4,12,December,52,5,Friday,0,0,,1,1,1,FriŌåÆTue
